"p_val","avg_log2FC","pct.1","pct.2","p_val_adj","cluster","gene"
0,7.36847451794895,0.931,0.023,0,"16","Dntt"
0,5.62896937494018,0.98,0.092,0,"16","Lef1"
0,6.06436137861497,0.99,0.128,0,"16","Igll1"
0,6.20567844527242,0.98,0.127,0,"16","Vpreb1a"
0,7.62456939989736,0.709,0.015,0,"16","Arpp21"
0,6.60895892837607,0.69,0.029,0,"16","Vpreb1b"
0,7.91207786162749,0.576,0.01,0,"16","Fcrl6"
0,4.44437839171598,0.586,0.025,0,"16","Rag1"
0,7.07281670575195,0.335,0.005,0,"16","A630023P12Rik"
0,7.56604942908617,0.266,0.003,0,"16","Ighv1-77"
0,8.4776862369756,0.251,0.001,0,"16","Unc79"
3.85065306623447e-305,5.59503689005923,0.384,0.011,7.84301016530637e-301,"16","Gm34225"
1.31565841564997e-295,5.63001636425955,0.532,0.028,2.67973306099585e-291,"16","Hes1"
2.17122264778194e-272,8.23015411258388,0.261,0.004,4.42234628900227e-268,"16","Fsip2l"
1.41926748527886e-267,4.31172130836997,0.734,0.068,2.89076401401598e-263,"16","Gfra1"
5.21457704666733e-265,7.13006093027235,0.256,0.004,1.0621050528652e-260,"16","Grb7"
1.253298902837e-264,8.88947180763161,0.187,0.001,2.5527192052984e-260,"16","Gm11755"
2.90449396990456e-258,4.50097101562306,0.704,0.065,5.9158733179016e-254,"16","Cplx2"
7.16599786544582e-248,6.34794703251867,0.32,0.01,1.459570445234e-243,"16","Ppargc1a"
2.9403195738731e-244,3.64502398441699,0.931,0.132,5.98884290806473e-240,"16","Blnk"
1.28582052161531e-236,3.89294591509983,0.966,0.166,2.61895923842607e-232,"16","Mzb1"
4.02434666838127e-234,4.29368406351004,0.704,0.073,8.19678929415897e-230,"16","Gm32196"
7.77659979411056e-230,7.23026135917686,0.207,0.003,1.58393784606444e-225,"16","Cracdl"
8.08530003439124e-225,5.14607258990805,0.433,0.024,1.64681391100481e-220,"16","Gfra2"
1.97577437584578e-221,5.29375968958145,0.296,0.009,4.02425724872268e-217,"16","Gm32652"
3.7821239554639e-214,3.90805911537772,0.852,0.129,7.70343007248886e-210,"16","2610307P16Rik"
1.03720808310398e-210,4.21613290575474,0.655,0.069,2.11258542366619e-206,"16","1700027J07Rik"
2.79457139986999e-209,4.63889432756934,0.404,0.022,5.69198302725519e-205,"16","Gm35107"
1.47477681191216e-208,4.35594779823461,0.458,0.03,3.00382541050268e-204,"16","Hmgcll1"
9.4317787288782e-208,4.86297078883249,0.424,0.025,1.92106469149791e-203,"16","Rag2"
6.12713761641797e-204,7.01582575094118,0.187,0.003,1.24797538971201e-199,"16","Scn4b"
3.36799228102314e-194,5.55682803647468,0.365,0.02,6.85992667798794e-190,"16","Tmem91"
4.30610958165413e-194,4.29255235183382,0.744,0.106,8.77068399591313e-190,"16","Esr1"
3.10418322186923e-193,3.69769934398259,0.98,0.225,6.32260038630324e-189,"16","Vpreb3"
3.03602553983721e-190,3.26105592924098,0.709,0.087,6.18377681954042e-186,"16","Gimap6"
4.44034015980464e-189,6.56977310195355,0.236,0.007,9.04408483749008e-185,"16","Mroh2a"
1.01377757125601e-188,8.80353438668203,0.138,0.001,2.06486215713425e-184,"16","Gm6093"
2.6006240876344e-188,6.879672104204,0.192,0.004,5.29695114169374e-184,"16","Clgn"
3.87369107298016e-188,5.70124368024626,0.241,0.007,7.889933977446e-184,"16","Smtnl2"
2.27043589200148e-184,3.748693461952,1,0.273,4.62442382482861e-180,"16","Ebf1"
2.94415635337458e-179,4.28357386744908,0.448,0.034,5.99665766055335e-175,"16","Jhy"
6.08891746203722e-176,8.58068871383752,0.123,0.001,1.24019070866774e-171,"16","Kcnh8"
7.3036787067072e-176,2.60313714153153,0.941,0.174,1.48761327898212e-171,"16","Cd79a"
2.01208173677818e-175,3.59633738368837,0.788,0.132,4.09820808146979e-171,"16","Dpp4"
1.71082301517705e-174,3.49847724281393,0.951,0.225,3.48460431731261e-170,"16","Camk2d"
4.055763350211e-170,3.56053654438241,0.956,0.246,8.26077879170976e-166,"16","Tifa"
5.13303880528862e-170,3.43156201175421,0.714,0.103,1.04549734386119e-165,"16","Akap12"
8.06509744126706e-169,2.79137057160357,0.773,0.12,1.64269904683727e-164,"16","Arl5c"
1.6853594961712e-164,8.01907637012303,0.123,0.001,3.4327402218015e-160,"16","Speer2"
1.78282508875691e-164,7.32429080332822,0.163,0.003,3.63125814078007e-160,"16","Gm4827"
2.01779249967242e-164,4.33785432049209,0.616,0.081,4.10983976333279e-160,"16","Ldlrad4"
2.68229144951584e-164,3.91631365445631,0.606,0.076,5.46329122437385e-160,"16","Id3"
2.91585769076304e-164,4.08828371580195,0.507,0.05,5.93901894454616e-160,"16","Gm51802"
5.15462568393363e-162,9.13516350432084,0.118,0.001,1.0498941593036e-157,"16","Slc5a9"
8.71815462148964e-161,3.9273632505801,0.611,0.079,1.77571373330501e-156,"16","Ppp1r16b"
1.13512952857436e-159,3.64815439680234,0.621,0.082,2.31203182380027e-155,"16","Csgalnact1"
2.88428319197562e-159,7.70160964442432,0.123,0.001,5.87470800541595e-155,"16","Gria2"
3.77344830320666e-157,6.56456194434114,0.236,0.009,7.68575950397132e-153,"16","D030045P18Rik"
5.01622908796512e-154,5.27554962679717,0.33,0.021,1.02170554063673e-149,"16","N4bp3"
1.49469754148658e-153,4.78026090968886,0.34,0.022,3.04439995249986e-149,"16","Patj"
1.59023875159125e-152,3.75360631424253,0.685,0.11,3.23899828924105e-148,"16","Arntl"
3.36864630946421e-152,7.94449264918721,0.138,0.002,6.86125880311669e-148,"16","Cttnbp2"
6.4666143172782e-147,6.42426097290209,0.217,0.008,1.31712000414322e-142,"16","Gm30948"
8.20804771295235e-146,2.75701952200104,0.729,0.124,1.67181515817413e-141,"16","Atp1b1"
1.17554135471302e-145,2.89011610299213,0.956,0.263,2.39434263127948e-141,"16","Aff3"
1.74039028719849e-145,6.40333581629432,0.177,0.005,3.54482693696589e-141,"16","Gm525"
3.43198122511311e-145,2.89337807169929,0.695,0.111,6.99025935931039e-141,"16","Niban3"
1.05667653854444e-144,5.50026153198335,0.404,0.036,2.15223877370731e-140,"16","Nckap5"
3.27150023323355e-142,2.63875853716634,0.773,0.14,6.66339167505009e-138,"16","Il7r"
1.94891633760247e-141,3.8940238854611,0.724,0.142,3.96955279642871e-137,"16","Prep"
8.62502232273481e-141,3.77070766519091,0.862,0.23,1.75674454669463e-136,"16","Kansl1l"
3.1823463762842e-140,3.4019341608011,0.562,0.076,6.48180309921566e-136,"16","Tcf7l2"
1.09490648451918e-139,5.19067738688991,0.305,0.02,2.23010552766867e-135,"16","Emp1"
2.28504934522358e-139,4.05540028284172,0.788,0.186,4.65418850635139e-135,"16","Erg"
2.583931757314e-139,4.5544521599725,0.256,0.013,5.26295220329716e-135,"16","Cacna2d1"
1.05813572568323e-137,9.30984842892716,0.089,0,2.1552108460716e-133,"16","Gm36617"
3.51533824263905e-136,3.24406935192285,0.936,0.307,7.16004093260722e-132,"16","Smarca4"
1.60303700784541e-135,5.59949990673259,0.291,0.018,3.26506577757954e-131,"16","1700048O20Rik"
9.40475474348308e-135,3.39581588470655,0.828,0.206,1.91556044615263e-130,"16","AU020206"
1.991267441156e-134,4.6786569858555,0.315,0.022,4.05581352414654e-130,"16","Thrb"
3.3148134470824e-134,5.27832999827945,0.325,0.024,6.75161202901742e-130,"16","Ttll11"
9.15358855159376e-134,3.29194564562807,0.916,0.303,1.86440291618862e-129,"16","Tspan13"
4.99086270546176e-133,3.14680398369187,0.68,0.118,1.01653891584845e-128,"16","Gimap1"
1.18525947190917e-132,7.78073487769312,0.103,0.001,2.4141364923846e-128,"16","Fxyd6"
1.24703384463813e-132,3.23592663004149,0.734,0.145,2.53995853475894e-128,"16","Hivep2"
1.01029085308851e-130,3.99551612819334,0.522,0.069,2.05776040957067e-126,"16","Tnfrsf19"
6.53941390220034e-130,3.00302755832142,0.887,0.263,1.33194782360017e-125,"16","Tcf4"
1.45987447130502e-129,4.02333209351897,0.517,0.07,2.97347232315406e-125,"16","Gpam"
1.79808378233096e-128,5.98472695867159,0.251,0.014,3.66233704785169e-124,"16","Myl10"
6.29623171821503e-128,2.68731747840355,0.729,0.134,1.28241647636604e-123,"16","Pax5"
1.77475753803962e-127,2.7975516040514,0.961,0.331,3.6148261534791e-123,"16","Chchd10"
5.47462077680309e-127,3.51369655603981,0.33,0.026,1.11507075981925e-122,"16","Mmrn1"
8.07355359981999e-126,4.93525627398005,0.399,0.041,1.64442139721133e-121,"16","2900026A02Rik"
2.53161952633287e-125,3.18361487959608,0.64,0.111,5.1564026512348e-121,"16","Foxo1"
1.02538733112801e-124,4.25562061413224,0.414,0.044,2.08850891604153e-120,"16","Plxdc1"
1.38711150034284e-124,3.38437239882799,0.961,0.46,2.82526870389831e-120,"16","B3gnt2"
1.27720639463161e-123,3.4330537484639,0.749,0.172,2.60141398458567e-119,"16","Pde4b"
3.47162153367868e-123,4.76364296122574,0.36,0.033,7.07099873979674e-119,"16","Phldb3"
1.02897888297866e-122,2.06607455743968,0.867,0.205,2.09582418885093e-118,"16","Cd79b"
1.29533127463279e-120,4.41552629497022,0.389,0.04,2.63833074017207e-116,"16","Tnfsf10"
4.48195510725983e-120,2.78381185082352,0.429,0.046,9.12884616246681e-116,"16","Gimap4"
5.687304525042e-117,8.78050647565516,0.094,0.001,1.15839018566055e-112,"16","Dlx1as"
4.66112400552958e-115,4.72657017381399,0.325,0.029,9.49377737446265e-111,"16","Gm56817"
1.2925025623074e-114,2.91009751444609,0.768,0.191,2.63256921890772e-110,"16","Maml3"
1.29268766612482e-114,5.59345963609146,0.143,0.004,2.63294623836303e-110,"16","Stpg2"
2.64982771038063e-114,2.83004900044482,0.773,0.188,5.39716908050327e-110,"16","Sox4"
3.35904164271388e-114,4.39024353059027,0.34,0.032,6.84169601787964e-110,"16","Tmtc2"
4.56555743926414e-112,2.29817563911041,0.798,0.189,9.2991273922932e-108,"16","Cecr2"
1.73504439394746e-111,4.23065799889099,0.404,0.048,3.53393842159218e-107,"16","Frmd6"
2.8873456826149e-111,2.83816069692539,0.764,0.19,5.88094568635004e-107,"16","Bcl7a"
1.98488233526319e-109,3.79382611714512,0.315,0.028,4.04280834046407e-105,"16","Gm13919"
2.16891541682899e-109,3.78739376317733,0.443,0.058,4.41764692099729e-105,"16","Socs2"
1.46037253089073e-108,2.88764589636081,0.709,0.162,2.97448677091823e-104,"16","Gm4258"
2.5639699299117e-108,4.02435113533349,0.453,0.063,5.22229395324416e-104,"16","Epb41l4b"
5.81086079789115e-108,5.56656309416563,0.103,0.002,1.18355612731447e-103,"16","Heyl"
6.15658297529156e-108,4.06391078279879,0.335,0.033,1.25397282040738e-103,"16","Ust"
1.07656091862108e-105,3.11574438169304,0.823,0.271,2.19273927904742e-101,"16","Pcmtd1"
1.07150926984439e-104,2.88459927035938,0.458,0.065,2.18245008081906e-100,"16","Dlg2"
8.41789700760161e-103,4.10821820385635,0.419,0.056,1.7145572625083e-98,"16","Hivep3"
2.08823171962694e-102,3.06217595775228,0.571,0.106,4.25331036653616e-98,"16","Adgrg1"
5.99454009125148e-102,4.76459092991902,0.128,0.004,1.2209679257861e-97,"16","Apbb1"
8.59051000549938e-100,4.45234295259415,0.153,0.006,1.74971507792011e-95,"16","Gm32569"
7.01375365081038e-98,5.89167909313909,0.099,0.002,1.42856134359706e-93,"16","Hmcn1"
2.50589008046634e-97,3.03069466654084,0.68,0.168,5.10399691589385e-93,"16","Lpp"
7.19756350094274e-97,6.78018156672325,0.089,0.001,1.46599973387202e-92,"16","Ighv1-78"
2.7524869442785e-95,3.52001946943523,0.493,0.084,5.60626540810645e-91,"16","Ankrd33b"
2.83438053687234e-95,3.31686649448578,0.7,0.197,5.77306627750159e-91,"16","Slc30a5"
4.78252708647731e-94,3.05100150379815,0.537,0.099,9.74105116973699e-90,"16","Slamf6"
6.48047721234714e-94,3.03789617724746,0.813,0.306,1.31994359861087e-89,"16","Pde2a"
1.09548025433845e-93,3.93971676898036,0.271,0.024,2.23127418203656e-89,"16","Gm34095"
4.58810004769011e-92,6.41407614563856,0.099,0.002,9.34504217713521e-88,"16","Pgr"
1.26623926508718e-91,2.38891846153132,0.941,0.472,2.57907613512957e-87,"16","Foxn3"
2.21188687886382e-91,3.5805745984167,0.212,0.014,4.50517119486982e-87,"16","Adamts7"
2.324319065968e-87,3.22760219892393,0.562,0.123,4.73417307356363e-83,"16","Bcr"
3.09881449659101e-86,3.18494880219749,0.626,0.162,6.31166536665658e-82,"16","Xrcc6"
5.79514639192603e-86,8.1854341793828,0.079,0.001,1.18035541710749e-81,"16","Rxfp1"
2.44463926104115e-85,2.62118290887554,0.788,0.278,4.97924124688861e-81,"16","Wdfy4"
3.21762866932343e-85,5.22542686521046,0.177,0.011,6.55366607367796e-81,"16","Ankrd6"
7.7406431550716e-85,3.3749504565653,0.256,0.023,1.57661419782498e-80,"16","Rapgef4"
1.54422020771486e-84,6.04889295792025,0.113,0.004,3.14526771907364e-80,"16","Gm48321"
1.84170527862948e-84,2.61950267937334,0.621,0.147,3.75118531151252e-80,"16","Maml2"
1.13504342244029e-83,5.36128533118887,0.128,0.005,2.31185644282638e-79,"16","Gm13481"
1.4197619757963e-83,4.61543964765877,0.276,0.029,2.8917711923019e-79,"16","Uaca"
2.24701512401073e-82,3.3210018523757,0.36,0.049,4.57672040458505e-78,"16","Ifi214"
3.52234578623364e-82,6.66584276571552,0.074,0.001,7.17431389740068e-78,"16","Rab6b"
6.17101013761963e-82,3.5763971855684,0.399,0.063,1.25691134483037e-77,"16","Trp53i11"
8.98391627190002e-82,8.7172715117647,0.059,0,1.8298440662606e-77,"16","Gm36120"
2.49871243413334e-81,2.64400275495547,0.458,0.08,5.08937748584278e-77,"16","Chst3"
4.93005437055018e-81,5.24622253685112,0.128,0.005,1.00415347419366e-76,"16","Amotl1"
7.1362019606355e-81,2.79043586270818,0.581,0.137,1.45350161534224e-76,"16","Cxxc5"
1.78188252853387e-80,2.84434937415892,0.719,0.241,3.62933833411778e-76,"16","Mgat5"
8.63797298856205e-80,2.01013665129948,0.956,0.62,1.75938233831032e-75,"16","Pgls"
1.43975614777539e-79,7.89528535427828,0.054,0,2.93249532178891e-75,"16","Ighv1-66"
9.60212501871493e-79,2.53311883078867,0.852,0.406,1.95576082381186e-74,"16","Inpp5d"
1.76912582674102e-78,2.96532063749026,0.586,0.146,3.6033554839061e-74,"16","Gm56906"
9.80674628339286e-78,2.54117650023949,0.542,0.115,1.99743808300146e-73,"16","St6gal1"
1.52609478469381e-77,3.52139156644644,0.35,0.05,3.10834985746436e-73,"16","Capsl"
3.1434523490124e-77,5.09483641936017,0.123,0.005,6.40258374446846e-73,"16","Cav2"
3.90675800593383e-77,5.15913811117456,0.202,0.016,7.95728470648602e-73,"16","Drc7"
7.62949016505438e-77,3.85626280111655,0.197,0.015,1.55397455681828e-72,"16","Gimap1os"
6.5793947923308e-75,3.96253854818654,0.33,0.046,1.34009113130194e-70,"16","Mfsd4a"
1.23138264497443e-74,2.60906614911901,0.724,0.257,2.50808017128391e-70,"16","Utrn"
2.78797902211162e-74,3.16489500473429,0.488,0.102,5.67855567223695e-70,"16","Slamf7"
2.52434696252403e-73,2.95854123973573,0.606,0.172,5.14158989326895e-69,"16","Elk4"
3.81045755206452e-73,3.1926865109738,0.557,0.142,7.761139942045e-69,"16","Pqlc3"
7.16871048921882e-73,2.98082594451637,0.468,0.096,1.46012295244409e-68,"16","Il12a"
3.93020539466947e-72,4.94397132816145,0.074,0.001,8.00504234786277e-68,"16","Pde9a"
8.65737644570828e-72,7.33035807815521,0.059,0.001,1.76333443446186e-67,"16","Gm46560"
9.21339649855454e-72,6.65070925101883,0.059,0.001,1.87658459882559e-67,"16","Gm38537"
1.49924091139011e-71,4.64391486833558,0.143,0.008,3.05365388831937e-67,"16","Gm31504"
3.37395501727589e-71,3.41659189054673,0.236,0.024,6.87207157918754e-67,"16","Gm30605"
1.25790059862085e-70,2.22713826623125,0.837,0.374,2.56209193927095e-66,"16","Dock10"
1.62541618182795e-70,2.47884394330112,0.517,0.118,3.31064767914716e-66,"16","Tmem176b"
2.83750213696835e-69,5.13286112217153,0.187,0.015,5.77942435257713e-65,"16","9130230N09Rik"
3.01150427159808e-69,4.22134166893586,0.335,0.053,6.13383190039097e-65,"16","Nmrk1"
4.43349063741262e-69,2.66241300635454,0.606,0.176,9.03013373028202e-65,"16","Stambpl1"
7.16379463289343e-69,2.33443886791534,0.749,0.291,1.45912169082773e-64,"16","Gab2"
1.30274686991441e-68,2.65523747903019,0.606,0.173,2.65343482464166e-64,"16","St3gal6"
1.34364983732183e-68,2.58497339698356,0.764,0.329,2.7367459886571e-64,"16","Rere"
1.61503040641347e-68,2.41688433681233,0.803,0.345,3.28949393178296e-64,"16","Myb"
2.39810332422018e-68,3.91943667096273,0.296,0.04,4.88445685077167e-64,"16","Lhpp"
3.27468845884104e-68,2.46200485872585,0.813,0.412,6.66988545296743e-64,"16","Rcsd1"
1.24029116362968e-67,6.48362004718157,0.059,0.001,2.52622504208093e-63,"16","ccdc198"
1.28133056656446e-67,6.17362613272465,0.064,0.001,2.60981409797849e-63,"16","Ighv1-85"
1.84039227445533e-67,2.92731861059317,0.404,0.075,3.74851098461061e-63,"16","Cd19"
3.0927951160699e-67,3.10906350891478,0.261,0.03,6.29940509241118e-63,"16","Steap4"
5.43466711550623e-67,3.13628130310562,0.562,0.161,1.10693299808631e-62,"16","Gstt2"
7.43621831691734e-67,2.55339978585177,0.35,0.055,1.51460894678972e-62,"16","Tmem163"
8.29609354037405e-67,6.31503142255285,0.074,0.002,1.68974833230339e-62,"16","Gm33728"
1.02467676140676e-66,3.88376839349296,0.276,0.036,2.08706162763329e-62,"16","Auts2"
1.96533071346942e-66,2.05153565657554,0.906,0.618,4.00298559719452e-62,"16","Cox7a2l"
4.06791822608765e-66,2.15889258784856,0.719,0.25,8.28553584289533e-62,"16","Mndal"
1.78065432872866e-65,6.50897688560766,0.069,0.001,3.62683673675453e-61,"16","Cfap45"
6.30190579192505e-65,3.93084964942405,0.212,0.021,1.28357217169929e-60,"16","Tbxa2r"
1.19833016358265e-64,2.13995749010956,0.783,0.35,2.44075887718515e-60,"16","Tcf3"
1.68102959011848e-64,2.46419131276184,0.621,0.191,3.42392106915332e-60,"16","Mtss1"
6.37331986166344e-64,6.88122021300467,0.059,0.001,1.29811778942361e-59,"16","Gm13920"
1.02602881710379e-63,2.00834546251519,0.305,0.043,2.089815494677e-59,"16","Maf"
9.75082416444975e-63,2.56088319766479,0.581,0.173,1.98604786581513e-58,"16","Elk3"
2.98478581082214e-62,3.43203653399801,0.429,0.094,6.07941173948254e-58,"16","Spata6"
1.65626637656974e-61,6.63389811999072,0.064,0.001,3.37348335579724e-57,"16","Efhd1"
2.2449057921244e-61,9.04596144965955,0.039,0,4.57242411739898e-57,"16","Ccdc33"
2.28463028129068e-61,8.10489986469663,0.039,0,4.65333495693285e-57,"16","Elfn1"
8.51945066270354e-61,10.0978586549292,0.034,0,1.73524171097946e-56,"16","Gm31249"
1.87751328870626e-60,2.39704699546082,0.744,0.329,3.82411906643691e-56,"16","Klhl6"
3.32510781634975e-60,3.58968838216109,0.286,0.042,6.77257960034116e-56,"16","Asah2"
4.43452008040629e-59,6.60140117997942,0.084,0.003,9.03223049977153e-55,"16","Cabp4"
5.46418133805772e-59,5.7486971384979,0.118,0.007,1.1129444549356e-54,"16","Spsb4"
1.38188381391468e-58,2.30676412434976,0.695,0.274,2.81462095218142e-54,"16","Sec63"
2.75618423998437e-58,3.46224997010547,0.448,0.114,5.61379606000017e-54,"16","Impdh1"
2.82526455700901e-58,2.31906592367489,0.724,0.283,5.75449884971595e-54,"16","Kcnq5"
4.3613309974515e-58,6.54904855884843,0.069,0.002,8.88315897560922e-54,"16","Gm5820"
6.12262401099285e-58,5.69020625463507,0.074,0.002,1.24705605855902e-53,"16","8030442B05Rik"
7.40211196984952e-58,2.0080081791958,0.768,0.347,1.50766216601895e-53,"16","Dck"
1.85718499609886e-57,2.17422719242253,0.704,0.29,3.78271440005416e-53,"16","Ets1"
2.46086899327514e-57,3.14634765910504,0.217,0.025,5.01229796550281e-53,"16","Gm8369"
1.21274220322162e-56,2.79852699528106,0.3,0.049,2.4701133195218e-52,"16","Rgl1"
2.47156332080703e-56,3.46297041354815,0.246,0.033,5.03408017181975e-52,"16","Eya2"
2.48755476495621e-56,3.32167318496821,0.409,0.092,5.06665154526282e-52,"16","Cd69"
2.87813384698116e-56,4.54735576110222,0.128,0.009,5.86218301953123e-52,"16","Prlr"
4.10791861663829e-56,2.10966697949771,0.803,0.474,8.36700863836887e-52,"16","Tra2a"
4.80933281882747e-55,6.52553421007572,0.039,0,9.79564908538779e-51,"16","Gm37511"
1.94428200350695e-54,4.85919862948094,0.108,0.006,3.96011358474296e-50,"16","Zdhhc19"
7.39176535329768e-54,2.58678440797803,0.67,0.294,1.50555476715967e-49,"16","Mtf2"
1.46932109761973e-53,2.39450142271482,0.557,0.175,2.99271321163186e-49,"16","BC035044"
3.39348133773047e-53,7.71023218322511,0.044,0.001,6.91184278868942e-49,"16","Adgrf1"
3.55849131714979e-53,7.08220593750068,0.044,0.001,7.24793511477069e-49,"16","Dkk3"
6.77025104924249e-53,3.84899222791358,0.187,0.02,1.37896473370971e-48,"16","Gm37065"
1.00782904794057e-52,2.67552351649015,0.645,0.267,2.05274620484536e-48,"16","Susd1"
1.63684315693579e-52,2.48619343659757,0.335,0.063,3.33392214204682e-48,"16","Prkch"
2.12683607358945e-52,2.19808011864786,0.685,0.299,4.331939714687e-48,"16","Snx2"
2.31003237410485e-52,9.09705810722232,0.03,0,4.70507393957676e-48,"16","4930572O13Rik"
2.59954222126887e-51,4.11405210543002,0.158,0.015,5.29474759628043e-47,"16","Gm57265"
3.1216383413173e-51,2.79238647556917,0.448,0.12,6.35815297359508e-47,"16","Gimap9"
3.16051397191627e-51,2.97482190032661,0.433,0.113,6.43733485799906e-47,"16","Hdac7"
4.1277203693103e-51,5.10679704643156,0.099,0.005,8.40734084821122e-47,"16","Scn2b"
5.29058428352247e-51,2.17995175381194,0.759,0.386,1.07758620686786e-46,"16","Crip1"
9.82711891100794e-51,3.20619737036136,0.596,0.245,2.0015875797941e-46,"16","Pmf1"
1.01598756611199e-50,3.19845984290606,0.399,0.097,2.06936347465691e-46,"16","Jun"
1.32372155051483e-50,3.02340401722967,0.345,0.07,2.6961560540886e-46,"16","Snn"
1.79255794014967e-50,3.99012368708601,0.158,0.015,3.65108201249685e-46,"16","Sit1"
2.48529013842273e-50,5.84654354363859,0.069,0.002,5.06203895393942e-46,"16","1500002F19Rik"
6.1449593805107e-50,3.4566810987865,0.266,0.044,1.25160532662242e-45,"16","Acvr2a"
6.19017540473498e-50,7.26000809032982,0.039,0,1.26081492643642e-45,"16","Ighv8-8"
6.69570709833198e-50,6.34991725257808,0.039,0,1.36378162178826e-45,"16","Dlx1"
8.77828986463448e-50,2.15843015989084,0.67,0.292,1.78796207962875e-45,"16","Tut4"
2.3398215398282e-49,4.11875435746382,0.172,0.019,4.76574851232208e-45,"16","Rab7b"
4.49849291753645e-49,2.91575689474316,0.498,0.161,9.16253037443825e-45,"16","Ppp1r21"
6.34529341627055e-49,2.87247452092502,0.557,0.206,1.29240936302599e-44,"16","Cers5"
6.41814550747145e-49,2.4773682445453,0.542,0.18,1.30724787696178e-44,"16","Cyth1"
8.7192046422696e-49,2.68633119773739,0.31,0.059,1.77592760153747e-44,"16","Cacna1e"
2.9008972445958e-48,2.68182437933985,0.34,0.071,5.90854750779273e-44,"16","Eps8"
2.42000498142261e-47,2.84457043982821,0.478,0.152,4.92906614616158e-43,"16","Inafm2"
4.07887051028222e-47,2.05033110850772,0.635,0.258,8.30784345534282e-43,"16","Akt3"
4.20314786867123e-47,4.5288744894237,0.084,0.004,8.56097157890956e-43,"16","BC043934"
4.29752556569874e-47,3.5117190868577,0.32,0.067,8.7532000722152e-43,"16","Tarbp1"
4.82143846875821e-47,8.80798210456288,0.034,0,9.82030587316672e-43,"16","1700036A12Rik"
5.66001050302033e-47,2.30462044606218,0.69,0.35,1.15283093925518e-42,"16","Atp1b3"
6.90885697599629e-47,2.20275859961139,0.557,0.191,1.40719598887093e-42,"16","Ifi203"
1.22199275854367e-46,4.04242295824758,0.099,0.006,2.48895485060175e-42,"16","Col27a1"
1.80326278794487e-46,2.27982591313264,0.517,0.169,3.6728856464861e-42,"16","Cerk"
4.2921915694918e-46,2.1664323905875,0.335,0.069,8.7423357887409e-42,"16","4930597A21Rik"
7.48562901336929e-46,5.0687933780068,0.059,0.002,1.52467291744306e-41,"16","Entrep1"
1.28106066031716e-45,5.94430447087606,0.039,0.001,2.609264352934e-41,"16","Serpina3n"
2.13746285161231e-45,3.28403103257947,0.369,0.093,4.35358433616396e-41,"16","Spred2"
6.3695225675142e-45,2.25467419358805,0.69,0.369,1.29734435655129e-40,"16","Mob4"
8.85841257707465e-45,9.23098587922839,0.03,0,1.80428147369856e-40,"16","Gm12305"
1.36893495288991e-44,4.25516825175447,0.123,0.01,2.78824671204618e-40,"16","Rcan2"
1.56058926602013e-44,3.60077000835125,0.158,0.017,3.17860821702979e-40,"16","Bmf"
1.63995363314487e-44,3.27493564501024,0.335,0.077,3.34025755998948e-40,"16","Scap"
2.53665749418475e-44,2.04903967893278,0.665,0.301,5.1666639841555e-40,"16","Dgkd"
3.14579645392555e-44,6.28351021290594,0.049,0.001,6.40735821735556e-40,"16","Gng4"
4.15134486838116e-44,6.20884374092531,0.059,0.002,8.45545922791874e-40,"16","Uchl1os"
5.342522322918e-44,4.84774288424647,0.059,0.002,1.08816494673194e-39,"16","Gm20743"
6.3204838127215e-44,9.42862123136083,0.025,0,1.28735614297511e-39,"16","Gm27217"
7.20334816663357e-44,3.66967363496084,0.197,0.027,1.46717795457993e-39,"16","Plcg1"
1.04512902303723e-43,2.28889627507395,0.458,0.137,2.12871879412223e-39,"16","Dusp2"
1.4610412957228e-43,3.26812702893058,0.241,0.041,2.9758489111282e-39,"16","Zfp827"
4.46940324804096e-43,2.58701390913353,0.232,0.037,9.10328053560983e-39,"16","Abca1"
7.70617917876833e-43,4.87316993113889,0.044,0.001,1.56959457513153e-38,"16","Ndst4"
7.71724911812246e-43,2.24551541435997,0.532,0.196,1.57184930037918e-38,"16","Cat"
1.01024083871121e-42,2.54103803197255,0.532,0.205,2.057658540287e-38,"16","Tbc1d10c"
1.32573131218743e-42,2.14152098340797,0.655,0.312,2.70024953666336e-38,"16","Kmt2a"
1.88309194162554e-42,3.16630242040553,0.32,0.073,3.83548166670289e-38,"16","Cnn3"
2.49847268837861e-42,4.22797168887195,0.084,0.005,5.08888917168956e-38,"16","Cacnb1"
3.67751899980452e-42,2.47958598257227,0.34,0.079,7.49037069880184e-38,"16","Stat4"
3.98094267389451e-42,4.94370954484117,0.074,0.004,8.10838403818834e-38,"16","Gm41818"
6.60197927509475e-42,6.09158699281625,0.049,0.001,1.3446911387513e-37,"16","Mpzl2"
7.06395230384928e-42,2.02577874555376,0.576,0.224,1.43878580524802e-37,"16","Hdac8"
2.34399648871756e-41,2.2261937685531,0.611,0.278,4.77425204821993e-37,"16","Oxr1"
3.11029665254679e-41,2.34964559481794,0.591,0.261,6.33505222190731e-37,"16","Rnf169"
3.5130417837047e-41,3.64119225616626,0.227,0.038,7.15536350504973e-37,"16","Mei4"
6.15969641798064e-41,2.96772929991562,0.256,0.047,1.2546069664143e-36,"16","Mir99ahg"
7.15374279876115e-41,6.51534300356302,0.059,0.002,1.45707433325167e-36,"16","Alk"
1.0308986695727e-40,4.67670163387273,0.094,0.006,2.09973441018567e-36,"16","Gm48623"
1.6006364329896e-40,2.27495917026862,0.463,0.148,3.26017628671322e-36,"16","Mast4"
5.69251113269798e-40,2.07124941871206,0.143,0.015,1.15945066750793e-35,"16","Plpp3"
5.80805743207409e-40,4.11350777136024,0.143,0.016,1.18298513776485e-35,"16","Tulp3"
6.92678791999907e-40,3.28117306077901,0.404,0.125,1.41084816354541e-35,"16","Rmnd1"
1.40716426884359e-39,4.73232900847783,0.089,0.006,2.86611218278062e-35,"16","Ccdc141"
2.18018687821033e-39,2.88877718016023,0.227,0.039,4.4406046335388e-35,"16","Slc12a3"
2.19268884614065e-39,3.14477436163603,0.197,0.03,4.46606864181928e-35,"16","Tnfaip3"
3.15966454522359e-39,2.24451618698323,0.498,0.177,6.43560474571142e-35,"16","Lrrc8c"
6.41041884822892e-39,7.62525339323867,0.039,0.001,1.30567411100727e-34,"16","Kcnk15"
1.26870557402809e-38,2.39974655809474,0.276,0.056,2.58409951318041e-34,"16","Gm56536"
1.56625568331615e-38,3.44307120430598,0.246,0.047,3.19014957577834e-34,"16","Fgf13"
1.60860637252727e-38,2.16259640237725,0.355,0.09,3.27640945956355e-34,"16","Tespa1"
1.79456136076428e-38,5.75441920796795,0.054,0.002,3.65516257960469e-34,"16","Tmem255a"
3.04024303148248e-38,2.40534073784379,0.552,0.241,6.19236700652351e-34,"16","Zmiz1"
3.38983026556965e-38,2.39215132483811,0.438,0.142,6.90440628491226e-34,"16","Cd93"
3.41555733314256e-38,3.14513856567455,0.138,0.015,6.95680717614476e-34,"16","Gm56745"
4.04561845326206e-38,2.6113887895234,0.429,0.14,8.24011566560416e-34,"16","Hmgn3"
4.24676273939815e-38,2.94520014195737,0.335,0.086,8.64980634760614e-34,"16","Ttpal"
7.07607797462065e-38,5.64721966830099,0.049,0.002,1.44125556187073e-33,"16","Pgm5"
7.12783737799346e-38,2.64750252040179,0.167,0.022,1.45179791714971e-33,"16","Pdzd2"
1.513975630375e-37,2.14643867991589,0.414,0.121,3.0836655639478e-33,"16","Bst1"
4.38053424887689e-37,3.91117970152453,0.099,0.008,8.92227215811246e-33,"16","Prkaa2"
6.88297632360426e-37,2.39130489162072,0.488,0.186,1.40192461759172e-32,"16","N4bp2"
7.58556367875707e-37,2.36085273219218,0.557,0.252,1.54502761008924e-32,"16","Desi1"
1.02209990050564e-36,2.35318431173228,0.527,0.221,2.0818130773499e-32,"16","Parp1"
1.52291820007725e-36,8.30529195035783,0.025,0,3.10187978991733e-32,"16","Vmn1r188"
1.58683955772906e-36,5.46192492848153,0.025,0,3.23207481118255e-32,"16","Gm43614"
1.8355803932861e-36,3.28370177301593,0.286,0.067,3.73871014504513e-32,"16","Rapgef5"
2.58562432577765e-36,3.06877081704091,0.232,0.044,5.26639962674392e-32,"16","Tecpr1"
2.75222239695338e-36,4.37923963831879,0.089,0.007,5.60572657811464e-32,"16","Gm31223"
5.4663129380643e-36,2.10575645392635,0.576,0.262,1.11337861922494e-31,"16","Apc"
7.73621093096304e-36,4.69683133148536,0.064,0.003,1.57571144241855e-31,"16","Lrguk"
9.35987206492635e-36,5.44023179762837,0.044,0.001,1.9064187421842e-31,"16","Efna1"
9.48916923373079e-36,5.49519929352765,0.044,0.001,1.93275398952629e-31,"16","8030451A03Rik"
1.73029060057155e-35,2.15755537905246,0.547,0.239,3.52425589524413e-31,"16","Mprip"
4.27607230268361e-35,3.41368474551379,0.143,0.018,8.70950406610597e-31,"16","Rftn2"
5.45721803420221e-35,6.74495408228566,0.034,0.001,1.11152616920631e-30,"16","Smim22"
8.46220100822441e-35,2.17771043424092,0.557,0.249,1.72358110135515e-30,"16","Nfat5"
1.173415458208e-34,7.50322427099544,0.03,0,2.39001260527806e-30,"16","A930003A15Rik"
3.9923972991883e-34,2.22217271496221,0.527,0.231,8.13171481898673e-30,"16","Fgfr2"
1.02833946475765e-33,3.01858383571433,0.276,0.066,2.09452182181837e-29,"16","Abi2"
1.04442205072156e-33,3.13355136482382,0.236,0.049,2.12727883290968e-29,"16","Csrnp1"
1.5025454642774e-33,2.49531767840229,0.271,0.062,3.0603846016402e-29,"16","Sdc4"
3.3047749130079e-33,3.09347362811214,0.33,0.094,6.73116554281448e-29,"16","Selenom"
3.50021626317495e-33,2.44592851897684,0.473,0.189,7.12924048483473e-29,"16","Ninj1"
3.92424599088182e-33,3.40229127116558,0.305,0.084,7.99290423422809e-29,"16","Acp6"
3.82034844391159e-32,2.48048992931388,0.468,0.19,7.78128571055913e-28,"16","Cyb561a3"
7.33034960123722e-32,3.24256451331391,0.217,0.044,1.49304560678e-27,"16","Trim16"
8.01397888152837e-32,2.30766947748049,0.335,0.093,1.6322872185897e-27,"16","Ppp3cc"
9.3587538632071e-32,2.72588701479157,0.335,0.097,1.90619098685802e-27,"16","Gm15657"
1.84223042428915e-31,2.95694850371382,0.103,0.01,3.75225492819214e-27,"16","Mrap"
2.88212749531863e-31,8.09921240870804,0.025,0,5.87031728246499e-27,"16","Gsg1l"
4.5382273729916e-31,4.74983061450727,0.03,0.001,9.24346151330929e-27,"16","Wnt9a"
8.87462881916131e-31,2.35618714872515,0.291,0.075,1.80758439788678e-26,"16","Sesn3"
9.60452274943774e-31,2.57732613572208,0.315,0.089,1.95624919360548e-26,"16","Cacnb2"
1.13951165290369e-30,2.93747903153917,0.172,0.029,2.32095733463424e-26,"16","Magi1"
1.70115775660338e-30,4.6244369666,0.064,0.004,3.46491811864976e-26,"16","Slit1"
4.87912103219183e-30,3.16149167528469,0.276,0.073,9.93779371836832e-26,"16","Mtap"
8.28269536645175e-30,5.96931961846473,0.034,0.001,1.68701939223889e-25,"16","Pgf"
8.44496743494668e-30,5.08008044726264,0.064,0.004,1.72007096714994e-25,"16","Gm28187"
3.69937193582042e-29,4.49975618951143,0.044,0.002,7.53488075887903e-25,"16","Zkscan16"
7.97702630673876e-29,4.69823594864541,0.079,0.007,1.62476071815655e-24,"16","Fggy"
2.20450772892415e-28,7.76813528121449,0.02,0,4.4901413422727e-24,"16","Kcnf1"
2.43143025641617e-28,2.4423554183601,0.355,0.118,4.95233714626845e-24,"16","Heg1"
3.35957430144569e-28,6.3290189892753,0.03,0.001,6.84278093718458e-24,"16","Ighv8-11"
3.52396973164977e-28,5.47581870643807,0.03,0.001,7.17762154942426e-24,"16","Gm33440"
3.94317315088706e-28,4.62092146516345,0.049,0.002,8.03145507372676e-24,"16","Rd3l"
6.4826506156874e-28,5.37934839035043,0.044,0.002,1.32038627740321e-23,"16","Cacna2d4"
7.59340834425019e-28,2.59363250666518,0.424,0.177,1.54662541155688e-23,"16","B9d2"
1.5964879800279e-27,2.55249615851423,0.335,0.11,3.25172671772082e-23,"16","Nxpe3"
2.6988078481139e-27,6.72462933994759,0.025,0,5.4969318250384e-23,"16","Frmpd2"
2.74880490614736e-27,5.75488925092029,0.025,0,5.59876583284094e-23,"16","Ighv8-12"
3.53569847180442e-27,3.50340854141011,0.172,0.033,7.20151064737125e-23,"16","Rpgrip1"
4.43289177962413e-27,2.03165920669226,0.399,0.153,9.02891397673843e-23,"16","Rptor"
4.53210354983998e-27,2.8529558323399,0.192,0.04,9.23098851031408e-23,"16","Lamc1"
4.57001511437232e-27,2.47701034674626,0.433,0.186,9.30820678495354e-23,"16","Ptgr1"
4.60219784836884e-27,2.51294765860683,0.271,0.074,9.37375657755766e-23,"16","Rnf157"
5.00934816079115e-27,8.55498968144229,0.015,0,1.02030403338994e-22,"16","Gm16277"
1.30914371926144e-26,2.65130463513581,0.345,0.12,2.66646392739171e-22,"16","Elovl6"
3.58872275973683e-26,2.59873475940189,0.35,0.124,7.30951051703198e-22,"16","Tmem106b"
6.99566516124614e-26,2.08874103032826,0.35,0.121,1.42487708004261e-21,"16","Plxdc2"
7.28636650563586e-26,4.12234219823185,0.094,0.011,1.48408712986791e-21,"16","Hes5"
8.65661039549073e-26,3.9522195953865,0.064,0.005,1.76317840535355e-21,"16","Gm1043"
8.66239213693801e-26,7.39076515791622,0.03,0.001,1.76435603045153e-21,"16","Macc1"
1.25935162860643e-25,3.02913702726744,0.281,0.085,2.56504739714558e-21,"16","Ino80dos"
2.79599164347229e-25,4.27407424848885,0.049,0.003,5.69487577942436e-21,"16","Gm37469"
4.80984306041742e-25,2.29290641889605,0.468,0.229,9.79668834545821e-21,"16","Dnajc21"
4.84349451817688e-25,3.17874824062322,0.099,0.012,9.86522963462268e-21,"16","Gprin3"
5.63639187977911e-25,3.81312338389933,0.099,0.012,1.14802029807341e-20,"16","Lef1os1"
5.66982975295117e-25,2.48076999302006,0.414,0.18,1.15483092408109e-20,"16","Ap1ar"
7.69875915230685e-25,2.17918535422609,0.379,0.144,1.56808326414186e-20,"16","Acss1"
8.68889623934632e-25,3.06966900868895,0.276,0.083,1.76975438603006e-20,"16","H1f0"
1.65852699626523e-24,2.65785662271807,0.325,0.114,3.37808778599303e-20,"16","Zfp704"
2.28449815505772e-24,3.77968594215614,0.094,0.011,4.65306584222156e-20,"16","Trp53cor1"
3.2060236660173e-24,3.64923084124702,0.084,0.009,6.53002900294404e-20,"16","Tmtc1"
5.03697378425563e-24,2.14294903815882,0.498,0.261,1.02593082037719e-19,"16","Coro7"
5.6738178112683e-24,3.90870468479702,0.059,0.004,1.15564321179913e-19,"16","Dscam"
7.00726358634238e-24,2.06645431688702,0.433,0.192,1.42723944726622e-19,"16","Mxd4"
7.03545040505085e-24,2.47020216090156,0.355,0.137,1.43298053850076e-19,"16","Stx6"
8.42257504912032e-24,3.08774312138258,0.177,0.038,1.71551008600483e-19,"16","Edaradd"
8.75671618967206e-24,2.60911678818748,0.133,0.022,1.78356795351241e-19,"16","Tubb2b"
9.56860440657533e-24,7.10326451311073,0.03,0.001,1.94893334553126e-19,"16","2310075C17Rik"
9.6975763148571e-24,6.31388398490709,0.03,0.001,1.97520234381009e-19,"16","Gm36211"
9.74094836796185e-24,6.39714385219268,0.03,0.001,1.98403636358647e-19,"16","Tnfrsf8"
1.19119543791137e-23,3.04135992438271,0.163,0.033,2.42622686793788e-19,"16","Rab3a"
1.21603030860615e-23,7.31274112829837,0.02,0,2.476810532569e-19,"16","Ighv1-54"
1.48741467389529e-23,2.6011390073375,0.3,0.1,3.02956620778993e-19,"16","Fbxl12"
2.29805859584835e-23,2.71960745123797,0.133,0.023,4.68068574802392e-19,"16","Pcp4l1"
5.56957858288142e-23,2.6970931161411,0.079,0.008,1.13441176576129e-18,"16","1810053B23Rik"
6.65376700578731e-23,4.6298607586776,0.034,0.001,1.35523926373876e-18,"16","Gm19331"
7.63597636709582e-23,2.07113324742328,0.286,0.09,1.55529566645008e-18,"16","Ifi209"
8.58266975505742e-23,3.62730408207246,0.094,0.012,1.7481181757101e-18,"16","Cass4"
8.88936621861311e-23,2.99509031043177,0.187,0.044,1.81058611140712e-18,"16","Tanc1"
2.44447767985289e-22,2.71320953848024,0.241,0.07,4.97891213832436e-18,"16","Gm26510"
2.6299948280849e-22,2.33403220703746,0.256,0.077,5.35677346584333e-18,"16","Airn"
5.42859202552874e-22,6.73130895936257,0.03,0.001,1.10569562375969e-17,"16","4921525O09Rik"
5.63415614734132e-22,5.33736195309872,0.03,0.001,1.14756492409048e-17,"16","Plppr1"
5.70437471279747e-22,5.18042716675884,0.03,0.001,1.16186704150259e-17,"16","Gm42439"
5.78937890287583e-22,5.69075328018845,0.044,0.003,1.17918069493775e-17,"16","Cnn1"
6.41204794813678e-22,2.64621116301503,0.266,0.085,1.3060059260765e-17,"16","Ldlrad3"
8.4393786177333e-22,2.07321053963624,0.433,0.21,1.71893263685992e-17,"16","Gabpb1"
9.41143540665843e-22,6.97965795325158,0.025,0.001,1.91692116362819e-17,"16","Trpa1"
9.69965800490196e-22,2.66822448673145,0.296,0.103,1.97562634243843e-17,"16","Dock9"
1.17825757749923e-21,3.12306049033689,0.192,0.048,2.39987503385044e-17,"16","Lxn"
1.83530296333326e-21,2.65231804365814,0.345,0.139,3.73814507571718e-17,"16","Eif2ak3"
2.04795349851229e-21,2.84252405054658,0.197,0.05,4.17127168576984e-17,"16","Ifi44"
3.32280487032845e-21,2.46373445875285,0.197,0.05,6.76788895988498e-17,"16","Neil1"
3.61385048669701e-21,4.80925382844498,0.064,0.006,7.36069067130446e-17,"16","Cep170b"
6.74237058864027e-21,3.75347212534956,0.049,0.004,1.37328604149425e-16,"16","Sema7a"
1.68303056661241e-20,4.93925276789554,0.034,0.002,3.42799665807615e-16,"16","C030013G03Rik"
1.83487210178298e-20,5.9525933273932,0.03,0.001,3.73726749691157e-16,"16","Esrrb"
2.30026687450567e-20,2.6489384991672,0.236,0.072,4.68518356999314e-16,"16","Foxp4"
2.34175481069538e-20,2.32675374510791,0.094,0.013,4.76968619842435e-16,"16","Igf1"
2.363611671187e-20,7.87620964607338,0.015,0,4.81420425187368e-16,"16","Pcsk2os2"
2.363611671187e-20,7.80616741083799,0.015,0,4.81420425187368e-16,"16","Slco1b2"
2.363611671187e-20,7.60261778670145,0.015,0,4.81420425187368e-16,"16","3930402G23Rik"
2.363611671187e-20,7.94859051102784,0.015,0,4.81420425187368e-16,"16","Myom2"
2.363611671187e-20,7.08082020951081,0.015,0,4.81420425187368e-16,"16","1700025F24Rik"
2.363611671187e-20,7.36464817538614,0.015,0,4.81420425187368e-16,"16","Ighv1-83"
2.363611671187e-20,8.08505085549814,0.015,0,4.81420425187368e-16,"16","Gm29502"
2.363611671187e-20,7.98398980704732,0.015,0,4.81420425187368e-16,"16","Dcpp2"
2.3811965687038e-20,6.76647606280214,0.015,0,4.8500211711359e-16,"16","Clic6"
2.82435641784596e-20,2.3028290876722,0.227,0.065,5.75264915186866e-16,"16","Jakmip1"
2.95964401134398e-20,6.73469389492931,0.02,0,6.02820292230543e-16,"16","E330032C10Rik"
4.82065715002382e-20,3.25820821981262,0.113,0.019,9.81871448316853e-16,"16","Gm57189"
5.20908552661794e-20,4.4853844330072,0.079,0.01,1.06098654006154e-15,"16","Megf10"
5.41383780289821e-20,2.67387034434734,0.222,0.065,1.10269048369431e-15,"16","B3gnt8"
7.0760159766827e-20,2.72682739611385,0.291,0.107,1.44124293413073e-15,"16","Tmem245"
8.37191774016373e-20,2.81740641604264,0.182,0.046,1.70519220531655e-15,"16","Gpat3"
8.41261603847411e-20,4.36434472254147,0.049,0.004,1.71348163471641e-15,"16","Syde1"
8.64132748068701e-20,2.00241122066265,0.424,0.206,1.76006558126633e-15,"16","Hes6"
1.22477385145973e-19,2.64325008933334,0.325,0.135,2.49461938065317e-15,"16","Map3k4"
1.56325081762295e-19,3.15357985436752,0.123,0.023,3.18402926533442e-15,"16","Insl6"
2.1121175038124e-19,2.24180969474307,0.192,0.051,4.3019609317651e-15,"16","Gm16152"
2.33506426043316e-19,3.53956830091995,0.187,0.05,4.75605888565026e-15,"16","Bfsp2"
2.97240009777833e-19,4.04307967125515,0.089,0.013,6.0541845191549e-15,"16","Atp9a"
3.12588442951126e-19,2.35948387011681,0.227,0.069,6.36680140602853e-15,"16","Nr6a1"
3.42699847838116e-19,2.79608784462997,0.133,0.027,6.98011050076674e-15,"16","Plxnd1"
4.14398840656634e-19,5.26548084622716,0.03,0.001,8.44047558649432e-15,"16","Gm50152"
4.47838361746798e-19,2.69854945599784,0.118,0.022,9.12157175205879e-15,"16","Adora2a"
5.23517158558067e-19,2.19328923494477,0.315,0.125,1.06629974855107e-14,"16","Trak1"
5.62874995992865e-19,2.77947794105976,0.227,0.071,1.14646379183827e-14,"16","Tgif1"
9.36394446245045e-19,3.61735328314833,0.074,0.009,1.90724820811191e-14,"16","Arhgef5"
1.46756799441265e-18,2.48502371681982,0.182,0.048,2.98914249101968e-14,"16","Gm27003"
1.50556535419463e-18,8.94414884243938,0.01,0,3.06653551342363e-14,"16","Gm13417"
1.50556535419463e-18,8.25736358364275,0.01,0,3.06653551342363e-14,"16","Erv3"
1.50556535419463e-18,7.93874559761899,0.01,0,3.06653551342363e-14,"16","Gm15413"
1.50556535419463e-18,8.33877899857461,0.01,0,3.06653551342363e-14,"16","Ighv1-75"
1.60167969035357e-18,3.93660010378284,0.044,0.003,3.26230119331214e-14,"16","Gm13522"
2.09354402596804e-18,2.65279742227924,0.212,0.064,4.2641304720917e-14,"16","Akr1b10"
3.29834675876773e-18,3.71630453623848,0.133,0.028,6.71807267825812e-14,"16","Enpep"
3.35191243687287e-18,3.32553656799388,0.103,0.018,6.82717525142265e-14,"16","Zcchc24"
3.38764316687048e-18,4.28980029995828,0.084,0.012,6.89995160228179e-14,"16","Atp6v0e2"
3.58005564571655e-18,3.69522182884067,0.103,0.018,7.29185733919547e-14,"16","Glrp1"
4.48483779994351e-18,2.18902167784668,0.286,0.108,9.13471763092493e-14,"16","Hdac5"
5.62816523640988e-18,3.86624130243918,0.064,0.007,1.14634469535196e-13,"16","Plxna4os1"
6.14929320271442e-18,5.10541668237485,0.03,0.001,1.25248803952887e-13,"16","Gm30835"
6.37119124741094e-18,2.80851421888477,0.143,0.032,1.29768423327266e-13,"16","Lig4"
7.35882470912125e-18,2.07463656713909,0.335,0.143,1.49884541675382e-13,"16","Bin1"
1.15196571720874e-17,5.11673493323921,0.034,0.002,2.34632377281076e-13,"16","Ltbp4"
1.2809837190651e-17,2.49377974492998,0.251,0.089,2.60910763899179e-13,"16","Gm20342"
2.13711830001583e-17,2.40988753306334,0.251,0.09,4.35288255347225e-13,"16","Dhrs3"
2.3468060811624e-17,2.47330294382811,0.182,0.05,4.77997462611158e-13,"16","Irf5"
3.89016392767652e-17,4.32793263261267,0.074,0.01,7.92348588789153e-13,"16","Kcnk10"
5.45413497468682e-17,2.54523646554201,0.182,0.052,1.11089821164421e-12,"16","Lpar6"
6.60738200616253e-17,2.34640349389093,0.212,0.067,1.34579156701518e-12,"16","Eya1"
7.6517535847922e-17,4.18621337136557,0.034,0.002,1.55850917015048e-12,"16","D630039A03Rik"
9.60220700995562e-17,2.11792411291511,0.212,0.066,1.95577752378776e-12,"16","Scml4"
1.19171017705879e-16,2.38988360393932,0.286,0.116,2.42727528863335e-12,"16","Traf6"
1.23201830895537e-16,3.04214798031795,0.197,0.061,2.50937489168029e-12,"16","Eng"
1.24735533672793e-16,2.47360295618476,0.236,0.084,2.54061334984744e-12,"16","Tspan2"
1.28928172987017e-16,5.97108801620008,0.025,0.001,2.62600902739956e-12,"16","Gm41625"
1.36355216409112e-16,2.03712545932814,0.227,0.074,2.7772830478208e-12,"16","E330020D12Rik"
2.09913558314294e-16,2.44334321681263,0.182,0.053,4.27551935574555e-12,"16","Nfkbie"
2.23305451153065e-16,2.71782148804394,0.3,0.129,4.54828542908563e-12,"16","Lman2l"
2.28444271646248e-16,2.16789044633901,0.222,0.073,4.65295292489077e-12,"16","Dgka"
2.44161326668471e-16,7.83354820294897,0.015,0,4.97307790158341e-12,"16","G930009F23Rik"
2.44161326668471e-16,7.45805673394549,0.015,0,4.97307790158341e-12,"16","Pcdhga9"
3.15963393511648e-16,3.74990144481813,0.059,0.007,6.43554239904524e-12,"16","Gm15747"
3.47137008997128e-16,3.83065321951369,0.094,0.017,7.07048659925351e-12,"16","Lca5"
5.9654764197219e-16,4.73536375006336,0.03,0.002,1.21504823716896e-11,"16","Gm15471"
5.97046969914684e-16,2.91827122817236,0.172,0.05,1.21606526832223e-11,"16","Tnfrsf26"
6.47820061093803e-16,2.43689320075933,0.158,0.042,1.31947990043586e-11,"16","Slc25a27"
1.0301457085023e-15,5.44923266968498,0.02,0.001,2.09820077907749e-11,"16","Gm32123"
1.07416830550037e-15,3.25389422623413,0.049,0.005,2.18786600464315e-11,"16","Serpina3f"
2.21349721390902e-15,2.04682399384552,0.222,0.077,4.50845112528989e-11,"16","Stau2"
2.35645618111344e-15,2.06068553083058,0.266,0.104,4.79962994969185e-11,"16","Pik3ip1"
2.83769789598771e-15,2.39643756669998,0.148,0.038,5.77982307454776e-11,"16","1810059H22Rik"
4.13687604484482e-15,4.93711721820698,0.03,0.002,8.42598912813994e-11,"16","Ntn1"
4.35870370363137e-15,2.23149446659338,0.143,0.037,8.87780770355637e-11,"16","Ifi44l"
9.76286593297765e-15,2.48547919702128,0.256,0.103,1.98850053322889e-10,"16","Rhbdf2"
1.20222007489933e-14,4.10240902649779,0.074,0.012,2.44868184855495e-10,"16","Npr1"
1.64581574813733e-14,2.11586547503577,0.296,0.131,3.35219751580612e-10,"16","Atg10"
1.74284287838353e-14,2.2209629208634,0.256,0.105,3.54982237469157e-10,"16","Ripor1"
2.33282517083645e-14,4.14152591765221,0.054,0.007,4.75149830795969e-10,"16","Tert"
2.42488263184785e-14,4.15703811752226,0.044,0.004,4.93900094454769e-10,"16","Gm49249"
2.60214788366638e-14,3.68521738675561,0.044,0.004,5.30005480945169e-10,"16","Zan"
2.70523471504421e-14,4.91562718773312,0.034,0.003,5.51002206760204e-10,"16","Gm40608"
2.88019911162367e-14,3.84654632533139,0.034,0.003,5.8663895505551e-10,"16","Fat3"
3.27685029698e-14,3.36962726502925,0.064,0.009,6.67428868488886e-10,"16","Clic5"
3.9067753360732e-14,5.59470133501122,0.02,0.001,7.9573200045139e-10,"16","Gm13067"
3.96752674770319e-14,4.53660220622011,0.02,0.001,8.08105847972185e-10,"16","F9"
4.24753561031413e-14,2.57743304204371,0.064,0.009,8.65138053108781e-10,"16","Fam13a"
4.4464258402588e-14,2.85751783911472,0.103,0.022,9.05648015143913e-10,"16","Rpl3l"
4.53744474387016e-14,2.2643779520932,0.227,0.086,9.24186745431474e-10,"16","Cep68"
5.28164974476801e-14,2.14605399334373,0.251,0.102,1.07576642001435e-09,"16","Prelid2"
5.82593870238e-14,3.74170416782908,0.044,0.005,1.18662719490076e-09,"16","Bmp4"
6.77787246772556e-14,3.32684910699143,0.074,0.012,1.38051706422634e-09,"16","Mmp11"
7.3904346133636e-14,2.77823457235075,0.084,0.015,1.5052837220499e-09,"16","Gm35035"
9.2516357404058e-14,5.66563625736908,0.034,0.003,1.88437316760585e-09,"16","Zmiz1os1"
9.93525606211346e-14,4.7117751606245,0.039,0.004,2.02361295473127e-09,"16","E130114P18Rik"
1.06847042215288e-13,2.11036813920991,0.286,0.129,2.17626055584100e-09,"16","As3mt"
1.10650023809461e-13,3.06987443456008,0.074,0.012,2.25371968495111e-09,"16","Gm5134"
1.18664573617193e-13,6.75411969407612,0.015,0,2.41696003543499e-09,"16","Gm38632"
1.19829928306613e-13,5.34120437866325,0.015,0,2.44069597974909e-09,"16","Gm2895"
1.19829928306613e-13,5.7755552037277,0.015,0,2.44069597974909e-09,"16","Dnase1"
1.20416815869998e-13,4.51543999834601,0.015,0,2.45264970564011e-09,"16","Gm28347"
1.36906997103928e-13,2.65446111305515,0.167,0.052,2.7885217170128e-09,"16","Sigirr"
1.59792670375838e-13,2.332477431866,0.232,0.091,3.25465711021507e-09,"16","Invs"
2.2846204625185e-13,2.71700259429586,0.079,0.014,4.65331495805769e-09,"16","Bend5"
2.34582882276094e-13,2.7405023830175,0.182,0.062,4.77798414619949e-09,"16","Gm11944"
2.56966835122408e-13,3.97706393232877,0.054,0.007,5.23390049777321e-09,"16","Gm47230"
2.94540960882854e-13,2.02860086957064,0.128,0.033,5.99921029126197e-09,"16","S1pr1"
2.99048320064883e-13,3.45635040317373,0.094,0.02,6.09101618308155e-09,"16","Myo7a"
3.52656091083138e-13,2.60170296633772,0.059,0.008,7.18289926318135e-09,"16","Pde11a"
4.13059692885612e-13,2.86409461890494,0.094,0.02,8.41319982469414e-09,"16","Thsd1"
5.68536171652796e-13,2.65537503435014,0.054,0.007,1.15799447442242e-08,"16","Gm47015"
7.94851001226263e-13,4.55862035106061,0.02,0.001,1.61895251929765e-08,"16","Gask1a"
8.09177443280829e-13,3.4375821617094,0.094,0.02,1.64813261647439e-08,"16","Cbx2"
1.05354732475036e-12,4.13607394400276,0.049,0.006,2.14586519105154e-08,"16","Gm7967"
1.17706297241232e-12,2.21004620789447,0.261,0.117,2.39744186220942e-08,"16","Faim"
1.23776311550964e-12,2.48254028277188,0.148,0.044,2.52107591367003e-08,"16","Cnksr3"
1.39196338884606e-12,6.38652191407701,0.01,0,2.83515103040165e-08,"16","Gm36535"
1.39196338884606e-12,7.24427789530204,0.01,0,2.83515103040165e-08,"16","Gm20758"
1.39418188569582e-12,2.72445246841398,0.084,0.017,2.83966966478525e-08,"16","Cd1d2"
1.40119367948512e-12,6.60133754463287,0.01,0,2.85395128637529e-08,"16","Gm26682"
1.47496192482634e-12,4.34574371100403,0.025,0.002,3.00420244848629e-08,"16","Htra3"
1.4911689907484e-12,2.58504700793733,0.054,0.008,3.03721300035635e-08,"16","Neb"
1.53537469174075e-12,2.41674803773393,0.133,0.037,3.12725117213757e-08,"16","Fam43a"
1.79014715348424e-12,2.06511482528217,0.177,0.059,3.64617172221669e-08,"16","Fam169b"
2.71318125956822e-12,2.19338623922069,0.128,0.035,5.52620758948855e-08,"16","Ddit4"
3.45233655287989e-12,3.49092261308886,0.049,0.007,7.03171909090577e-08,"16","Kif19a"
3.96749174865108e-12,3.08279322904471,0.113,0.029,8.08098719365253e-08,"16","Shb"
5.45200226135350e-12,3.01634069099627,0.113,0.03,1.11046382059248e-07,"16","Stxbp1"
6.32174114218013e-12,2.26003640998141,0.163,0.054,1.28761223583925e-07,"16","Arhgap5"
6.64198132489732e-12,3.82582128250144,0.03,0.002,1.35283875625509e-07,"16","Gm41556"
6.97966129549513e-12,3.79644637176124,0.039,0.004,1.42161741266645e-07,"16","Gm5111"
7.49394589401677e-12,3.94454457256426,0.059,0.009,1.52636689969334e-07,"16","Mir181a-1hg"
8.64782090405375e-12,2.00718028039459,0.32,0.17,1.76138816173767e-07,"16","Patz1"
9.78258633598617e-12,6.51355126198845,0.015,0.001,1.99251718491366e-07,"16","Rgs8"
9.78258633598617e-12,7.01853281359534,0.015,0.001,1.99251718491366e-07,"16","Fjx1"
9.78258633598617e-12,6.18718567328315,0.015,0.001,1.99251718491366e-07,"16","4930538E20Rik"
9.86443278093578e-12,5.92792818267262,0.015,0.001,2.009187668821e-07,"16","Gm20485"
9.90560720022845e-12,5.91547020827577,0.015,0.001,2.01757407454253e-07,"16","Gm48857"
9.94694997768136e-12,5.25205683428914,0.015,0.001,2.02599477145414e-07,"16","Ighv1-53"
1.00041659185432e-11,2.8573491181432,0.148,0.047,2.03764851428888e-07,"16","5930430L01Rik"
1.0566600968593e-11,3.36454731865662,0.069,0.013,2.15220528528303e-07,"16","Mr1"
1.31893680668102e-11,3.12818438092242,0.054,0.008,2.6864104878479e-07,"16","Gm12992"
1.39637068536748e-11,3.93027616914908,0.039,0.004,2.84412781195648e-07,"16","Gm41168"
1.42141417450507e-11,2.0601368866442,0.163,0.055,2.89513639063193e-07,"16","Ahdc1"
1.42818738725353e-11,2.85035021767877,0.089,0.02,2.90893207035799e-07,"16","Ccnjl"
1.53493887658352e-11,2.32320857100636,0.108,0.028,3.12636350382532e-07,"16","Lax1"
1.55886074706886e-11,2.20497982682956,0.187,0.07,3.17508756962985e-07,"16","Mfng"
2.11558704685307e-11,2.80382545495127,0.094,0.022,4.30902769703034e-07,"16","Maged1"
2.24363108847462e-11,2.81147962682009,0.089,0.02,4.56982780100511e-07,"16","Nhsl1"
2.49070173305377e-11,2.36622675851913,0.241,0.108,5.07306128988393e-07,"16","Cep250"
2.68795960509329e-11,2.56900732116631,0.103,0.026,5.47483612365402e-07,"16","Rbp1"
2.87669598629737e-11,2.02479931659679,0.227,0.097,5.85925438489048e-07,"16","Smad3"
2.9306787396003e-11,2.06786436738958,0.236,0.104,5.96920645681789e-07,"16","Bbs9"
2.94741409735004e-11,2.18133177170921,0.158,0.053,6.00329303348256e-07,"16","ENSMUSG00000121482"
3.51609639488264e-11,2.58423255945325,0.084,0.018,7.16158513709696e-07,"16","Slc12a7"
3.66729265975971e-11,3.86196076462975,0.034,0.004,7.46954168939857e-07,"16","Zfp354b"
3.9065628184857e-11,2.05852350226349,0.212,0.088,7.95688714869167e-07,"16","Zfp260"
4.05160536981725e-11,2.39730386630357,0.172,0.063,8.25230981724378e-07,"16","Cd1d1"
4.59720051003851e-11,3.22642164473205,0.064,0.012,9.36357799884644e-07,"16","Smim41"
4.67035829760292e-11,3.22886860772686,0.064,0.012,9.51258578055762e-07,"16","Gm26930"
5.48217958777654e-11,3.49728980012941,0.039,0.005,1.11661033843832e-06,"16","Mrgpre"
5.96320890407239e-11,4.20039563191378,0.054,0.009,1.21458638958146e-06,"16","Gm46597"
6.75411860438933e-11,2.13744599800215,0.128,0.038,1.37567887734202e-06,"16","Cnrip1"
7.00981730927449e-11,3.28752957336862,0.079,0.017,1.42775958955303e-06,"16","Nim1k"
7.29150034338891e-11,2.49898979434093,0.089,0.021,1.48513278994145e-06,"16","4930444A19Rik"
7.91226828836416e-11,4.85281714443454,0.02,0.001,1.61157080497401e-06,"16","Ajuba"
8.76368433892457e-11,2.8736815563758,0.079,0.017,1.78498722615216e-06,"16","Sgce"
9.60514609407167e-11,4.04439715429109,0.059,0.01,1.95637615644052e-06,"16","Gm13561"
9.88325062080696e-11,4.29474084339076,0.039,0.005,2.01302048644596e-06,"16","Sgsm1"
1.11117039252167e-10,3.20741890821563,0.089,0.021,2.26323185548814e-06,"16","Tspan6"
1.11596061151961e-10,2.69162964900698,0.148,0.05,2.27298857354315e-06,"16","Gm2629"
1.18596435462515e-10,2.42103545231341,0.177,0.068,2.4155721975005e-06,"16","Atp10a"
1.56812617510858e-10,4.02416139142165,0.03,0.003,3.19395939346116e-06,"16","2310067P03Rik"
1.58084361929753e-10,2.03128484172001,0.227,0.101,3.21986228378521e-06,"16","Cdip1"
1.72915761708089e-10,2.91644480704777,0.084,0.02,3.52194823447037e-06,"16","Epb41l5"
1.87014374809075e-10,2.90914219209827,0.103,0.028,3.80910878611125e-06,"16","Plpp2"
1.96949253983405e-10,4.0503163430865,0.044,0.006,4.01146240513399e-06,"16","Tceal1"
2.09281598945793e-10,2.35289907395754,0.089,0.021,4.26264760732791e-06,"16","Sapcd1"
2.0973173356549e-10,3.39857446175677,0.089,0.022,4.27181594926191e-06,"16","Colq"
2.11315395058799e-10,2.55616353547286,0.207,0.09,4.30407196655763e-06,"16","Fbp1"
2.21024589618813e-10,2.10960443462344,0.246,0.118,4.50182884135598e-06,"16","Galk2"
2.53745095376243e-10,4.1434005235454,0.054,0.009,5.16828010262331e-06,"16","Arhgef9"
2.56040613265097e-10,2.90961605833629,0.108,0.031,5.2150352109835e-06,"16","Vangl2"
2.63225139285833e-10,2.149114600261,0.207,0.088,5.36136963697384e-06,"16","Cstpp1"
2.73567301679451e-10,5.54847669372099,0.015,0.001,5.57201880060706e-06,"16","Gm32540"
2.74170227319137e-10,2.17977983046308,0.236,0.11,5.58429919003619e-06,"16","Mapk8"
2.76557907471402e-10,4.79979781335284,0.015,0.001,5.63293145937751e-06,"16","Gm35330"
2.96252163174656e-10,3.30012407462151,0.054,0.009,6.03406405954139e-06,"16","Zfp354c"
3.15885324534744e-10,3.93310456772965,0.044,0.006,6.43395229012367e-06,"16","Bend7"
3.49490773179317e-10,2.15122817236583,0.296,0.163,7.11842806811633e-06,"16","Pym1"
4.10560844416233e-10,2.92599799413948,0.064,0.012,8.36230327906983e-06,"16","1810073O08Rik"
4.15898702038583e-10,2.20338288902693,0.128,0.041,8.47102476312187e-06,"16","Cd244a"
4.57067873432623e-10,2.92590385502663,0.108,0.031,9.30955844607566e-06,"16","B230217O12Rik"
5.04413493403811e-10,2.47683673143399,0.069,0.014,1.02738940336488e-05,"16","Pacsin1"
6.08713165116433e-10,2.47289928892935,0.113,0.034,1.23982697470915e-05,"16","Fbxo21"
6.50738878032031e-10,4.43816394814692,0.034,0.004,1.32542494677564e-05,"16","5830487J09Rik"
6.75119158620035e-10,2.28943988251969,0.133,0.044,1.37508270227729e-05,"16","Dnaaf5"
6.75795237436828e-10,3.58181028567112,0.099,0.027,1.37645973961133e-05,"16","Dkkl1"
7.71741931993197e-10,2.1860819475945,0.192,0.081,1.57188396708374e-05,"16","Polk"
8.087396792225e-10,2.77246910544281,0.123,0.039,1.64724097864039e-05,"16","Nr6a1os"
8.92365392781201e-10,3.19626236878265,0.044,0.007,1.81756983201675e-05,"16","Gm33104"
9.41291011881898e-10,2.33241784342315,0.222,0.104,1.91722153300105e-05,"16","Mnd1"
1.02597320067696e-09,2.14039120196626,0.202,0.087,2.08970221513883e-05,"16","Dyrk2"
1.08700965549212e-09,2.8153193819369,0.084,0.021,2.21402126630635e-05,"16","Carns1"
1.13963046144099e-09,3.22826756109464,0.049,0.008,2.321199323863e-05,"16","Pygm"
1.20647949992722e-09,2.90611609177156,0.089,0.023,2.45735744545176e-05,"16","2810002D19Rik"
1.23742410366446e-09,2.41252174775396,0.177,0.073,2.52038541434377e-05,"16","Eif2ak4"
1.39230176207022e-09,6.4227040129929,0.01,0,2.83584022898462e-05,"16","Gm28865"
1.39230176207022e-09,6.39152119583789,0.01,0,2.83584022898462e-05,"16","Rbp2"
1.39230176207022e-09,7.78968282941968,0.01,0,2.83584022898462e-05,"16","Nxph4"
1.40608445798992e-09,4.50466079062599,0.01,0,2.86391282403386e-05,"16","Dnmt3bos"
1.40608445798992e-09,4.33194441970647,0.01,0,2.86391282403386e-05,"16","Gm47818"
1.41302558540635e-09,3.79205578101681,0.01,0,2.87805051235566e-05,"16","Gm38403"
1.41302558540635e-09,3.09854053509395,0.01,0,2.87805051235566e-05,"16","Cbs"
1.42000010628453e-09,3.61383272794019,0.01,0,2.89225621648033e-05,"16","Tdrd9"
1.57426939537429e-09,2.88644001626249,0.108,0.032,3.20647190449835e-05,"16","Tbc1d19"
1.59127038701022e-09,3.03104394531824,0.049,0.008,3.24109952426241e-05,"16","Gm26936"
1.74277572661203e-09,2.13317076935252,0.246,0.126,3.54968559996337e-05,"16","Nbdy"
1.88036627690529e-09,2.51215798815109,0.103,0.03,3.82993003280069e-05,"16","4933412E12Rik"
1.97573052980699e-09,3.34504170155104,0.044,0.007,4.02416794311088e-05,"16","Gm26801"
2.28487333025573e-09,2.94509508963252,0.123,0.041,4.65382999906487e-05,"16","Itga5"
2.29566965751886e-09,6.54399677913763,0.02,0.001,4.67581995843441e-05,"16","Col4a5"
2.29829258522641e-09,4.55380148008945,0.034,0.004,4.68116233758915e-05,"16","Gm37233"
2.34755139966839e-09,2.41041257996974,0.177,0.073,4.78149269084458e-05,"16","Shld2"
2.43628671018533e-09,3.23339227517536,0.074,0.017,4.96222877130548e-05,"16","Mamdc2"
2.48550868621662e-09,2.34152241190055,0.094,0.026,5.06248409208601e-05,"16","Gbp2"
3.1039607508028e-09,2.49347689137122,0.118,0.038,6.32214725723514e-05,"16","Lppos"
3.54829365943645e-09,2.04403273302802,0.143,0.051,7.22716452554017e-05,"16","Ypel2"
3.62243692654614e-09,5.50516080398095,0.015,0.001,7.37817953198919e-05,"16","Pacsin3"
3.62243692654614e-09,5.93081877696785,0.015,0.001,7.37817953198919e-05,"16","4933400L20Rik"
3.62824540213375e-09,5.23958505331717,0.015,0.001,7.39001023506602e-05,"16","Cldn4"
3.65742539541737e-09,5.76503041315766,0.015,0.001,7.44944404538609e-05,"16","Pcdhb22"
3.66916115684082e-09,5.07727857978133,0.015,0.001,7.47334744425338e-05,"16","1700072O05Rik"
3.74034935611352e-09,4.14194504104985,0.015,0.001,7.61834356853201e-05,"16","Islr2"
3.76735190512989e-09,2.04510903739407,0.217,0.102,7.67334236036856e-05,"16","Gm57315"
3.77644583709043e-09,3.17495094447035,0.015,0.001,7.69186488098578e-05,"16","Gm46124"
3.83591629986032e-09,4.02691652322397,0.025,0.002,7.8129943195555e-05,"16","Nkd2"
3.87999270644393e-09,2.35480913986634,0.172,0.071,7.90276914448501e-05,"16","Rasal2"
3.99151837766213e-09,3.55052801471983,0.039,0.006,8.12992463162223e-05,"16","Ccm2l"
4.64229503545837e-09,2.18178420626955,0.192,0.085,9.45542652822161e-05,"16","Wwc2"
5.21627497352713e-09,3.63950230509101,0.064,0.014,0.000106245088660801,"16","Fzd6"
6.11085811770844e-09,2.55350389170833,0.059,0.012,0.000124465958141486,"16","Fam78b"
6.41571016732604e-09,3.19427527753412,0.049,0.009,0.000130675184688097,"16","Fbxl12os"
7.46248963639395e-09,2.63587987731851,0.103,0.032,0.000151995988914072,"16","Dgke"
7.57799928765426e-09,2.92836864265349,0.049,0.009,0.000154348689490942,"16","Tmem132e"
9.19581513990747e-09,4.04815818028488,0.02,0.002,0.000187300362769635,"16","Bcl6b"
9.21739739743534e-09,4.97756086705003,0.02,0.002,0.000187739950190963,"16","Gm31105"
9.54773941628207e-09,2.24898804781903,0.103,0.032,0.000194468356430833,"16","Mterf2"
1.10338379543682e-08,3.74859829021747,0.059,0.012,0.000224737211454572,"16","Gstt3"
1.13164872157388e-08,2.00792798241527,0.212,0.101,0.000230494211610169,"16","Jpx"
1.16072967710675e-08,2.8914436526281,0.064,0.014,0.000236417420633103,"16","Gm15411"
1.21137946264666e-08,3.19938606389083,0.059,0.012,0.000246733768951872,"16","Brdt"
1.32076130437424e-08,2.21357454098523,0.222,0.111,0.000269012662474946,"16","Ak3"
1.61579725944183e-08,2.96460387557547,0.084,0.023,0.000329105585803111,"16","Gm13012"
1.61747321850881e-08,3.9209644380634,0.03,0.004,0.000329446945145874,"16","Als2cl"
1.68275343588316e-08,2.16020065472911,0.187,0.084,0.000342743219820683,"16","Qser1"
1.85472794199493e-08,2.72293893151703,0.069,0.017,0.000377770987225528,"16","A930007I19Rik"
1.85976607066568e-08,2.98908379803965,0.059,0.013,0.000378797153273185,"16","Cmtm8"
1.9420550351912e-08,2.99521225165216,0.044,0.008,0.000395557769567743,"16","Trib3"
2.02781922110432e-08,2.38530161802491,0.044,0.008,0.000413026218954528,"16","Phactr1"
2.79688847624887e-08,2.33386698137051,0.123,0.044,0.00056967024484237,"16","Igf2bp3"
3.09421859721608e-08,2.23859672457065,0.177,0.079,0.000630230443880972,"16","Traf4"
3.41066024517791e-08,2.2089442652571,0.113,0.038,0.000694683278737836,"16","Pcbp3"
3.50420870496569e-08,2.21641466473671,0.232,0.12,0.000713737229027412,"16","Casp4"
3.89624944648281e-08,2.15036375789749,0.207,0.103,0.000793588087259618,"16","Srprb"
4.89414000656368e-08,4.44817949997676,0.059,0.013,0.00099683843653689,"16","Enpp6"
5.08097063537894e-08,4.25408672243357,0.025,0.003,0.00103489209901398,"16","Ret"
5.33972198378168e-08,2.69171336565694,0.044,0.008,0.00108759457365665,"16","Lpar1"
5.47325958911868e-08,2.18862633252619,0.108,0.036,0.00111479351311169,"16","Traf3ip2"
6.18220601935581e-08,2.24986952035723,0.103,0.034,0.00125919172202239,"16","Ttc21b"
6.35459115045309e-08,4.1284163006067,0.044,0.008,0.00129430312552429,"16","Gm34006"
6.84442279558616e-08,2.89268127505418,0.054,0.012,0.00139407203500499,"16","Slc23a1"
6.91956935688017e-08,3.49689141849034,0.069,0.018,0.00140937788660935,"16","Zfp94"
7.43179786725122e-08,2.57806235484898,0.158,0.068,0.00151370858960173,"16","Tars2"
7.63817632361449e-08,2.56839014720625,0.059,0.014,0.0015557437535938,"16","Ptpn14"
7.72138833196597e-08,3.75596890474041,0.049,0.01,0.00157269237545483,"16","Gm56703"
8.11448348694802e-08,4.25308076343981,0.034,0.005,0.00165275799662157,"16","Cyp2j9"
8.98945819183687e-08,6.15254698754469,0.01,0,0.00183097284451333,"16","Fermt1"
8.98945819183687e-08,5.8491242389862,0.01,0,0.00183097284451333,"16","Gm56784"
8.98945819183687e-08,6.48103907727566,0.01,0,0.00183097284451333,"16","Gm44731"
8.98945819183687e-08,7.0321652231857,0.01,0,0.00183097284451333,"16","Fam186a"
9.02472458817275e-08,5.483289037422,0.01,0,0.00183815590411903,"16","Fam81b"
9.06012491486776e-08,5.45032356404922,0.01,0,0.00184536624266027,"16","Stum"
9.06012491486776e-08,4.54438730169582,0.01,0,0.00184536624266027,"16","Kcna5"
9.06012491486776e-08,5.08970712968701,0.01,0,0.00184536624266027,"16","Slc6a19os"
9.1313293240853e-08,3.79297222457755,0.01,0,0.00185986915672969,"16","Wfdc9"
9.20307536630482e-08,3.50814374414517,0.01,0,0.00187448239060897,"16","Lrrc15"
9.31411660357775e-08,4.39863796008033,0.02,0.002,0.00189709926981672,"16","Mycbpap"
1.02424141950802e-07,2.16989730954628,0.138,0.055,0.00208617492325393,"16","2010315B03Rik"
1.06030122281568e-07,3.41957483239911,0.025,0.003,0.00215962153063098,"16","Gm49959"
1.22574529221905e-07,2.33449235716734,0.153,0.065,0.00249659801119177,"16","Zfp386"
1.41853570975546e-07,2.79862126672397,0.069,0.018,0.00288927353362991,"16","Gm44067"
1.46523444974675e-07,2.40350422013989,0.138,0.056,0.00298438952724417,"16","Gm42982"
1.563462864902e-07,2.3186063466353,0.074,0.02,0.00318446116323239,"16","Rhoj"
1.58605609324331e-07,6.02071861372531,0.015,0.001,0.00323047905071798,"16","Gm16252"
1.59843940151563e-07,5.20014171925293,0.015,0.001,0.00325570137300704,"16","Gm57340"
1.61091617777347e-07,5.59083442656948,0.015,0.001,0.003281114070889,"16","Gm19684"
2.01643642540309e-07,2.95501527181046,0.094,0.031,0.00410707771126102,"16","Cabcoco1"
2.06950367192984e-07,3.61541524327265,0.059,0.014,0.00421516507898669,"16","E130215H24Rik"
2.16767870323295e-07,2.99802378615644,0.044,0.009,0.00441512798274487,"16","Dock6"
2.31633219688686e-07,2.5887905382326,0.103,0.036,0.00471790541861915,"16","E430024I08Rik"
2.39577932256894e-07,5.01093781122752,0.02,0.002,0.00487972332420841,"16","Gm56501"
2.49234770152467e-07,2.45404552998959,0.089,0.028,0.00507641379846546,"16","Iqsec2"
2.49568135733092e-07,3.82555649838112,0.02,0.002,0.00508320378861161,"16","Gm20139"
2.63787667347479e-07,3.33855226246633,0.03,0.004,0.00537282720853346,"16","Ttbk1"
2.98710191981174e-07,3.05050647678593,0.094,0.031,0.00608412919027255,"16","Lrrc49"
3.89860393277071e-07,2.18823762378252,0.163,0.075,0.00794067649026738,"16","Hilpda"
3.94199708382922e-07,4.02866252024108,0.025,0.003,0.00802905966034336,"16","Chrnb1"
4.20431438550094e-07,2.16863166026045,0.049,0.011,0.00856334754038831,"16","Trgc1"
4.23202113173189e-07,2.7099375084337,0.069,0.019,0.00861978064111151,"16","Gm30660"
4.28276617729949e-07,3.31995110015476,0.03,0.004,0.0087231381499236,"16","Gm15409"
5.49029186667039e-07,2.0108886024454,0.148,0.064,0.0111826264740343,"16","Gm47469"
5.65778266967131e-07,2.74177266298796,0.059,0.015,0.0115237717415865,"16","Zfp867"
5.94404745107746e-07,3.14017909728567,0.034,0.006,0.0121068358483546,"16","Acy3"
6.58700784854365e-07,4.69314650838905,0.015,0.001,0.0134164175859137,"16","4933417D19Rik"
6.60259192556837e-07,5.09495650146669,0.015,0.001,0.0134481592339977,"16","Gm57214"
6.61821153059541e-07,5.6702948264562,0.015,0.001,0.0134799732455167,"16","Gm13856"
6.64593438111668e-07,3.27331809492061,0.084,0.027,0.0135364391474584,"16","Txnrd3"
6.68104678741092e-07,4.35151206290334,0.015,0.001,0.0136079560965986,"16","Gm14762"
7.36531585863375e-07,2.0580643549968,0.094,0.032,0.0150016753408652,"16","Poln"
9.21862962281828e-07,3.16151443722058,0.039,0.008,0.0187765048157563,"16","Krba1"
1.00270155819514e-06,2.10701459126947,0.202,0.107,0.0204230253373186,"16","Srfbp1"
1.00672599205179e-06,3.06345507104894,0.03,0.005,0.0205049950061109,"16","Vis1"
1.03985083856243e-06,3.83879199318237,0.03,0.005,0.0211796818798396,"16","Gm45620"
1.1507747499851e-06,2.58433489152297,0.143,0.064,0.0234389801076964,"16","Pdk1"
1.2321739821638e-06,3.85979179823281,0.025,0.003,0.0250969196687123,"16","Gm32200"
1.25626357022849e-06,2.60160883785883,0.094,0.033,0.0255875763984138,"16","1700030K09Rik"
1.28218797814503e-06,3.09223760328705,0.054,0.014,0.026115604738858,"16","Zfp229"
1.30050113390147e-06,3.48973669211967,0.02,0.002,0.0264886070953051,"16","Efcab12"
1.30731752150619e-06,3.38521371935842,0.02,0.002,0.026627443278038,"16","8430426J06Rik"
1.32012106561071e-06,2.88912538374352,0.025,0.003,0.026888225864359,"16","Pdzrn3"
1.32615689225339e-06,2.59116540325577,0.049,0.011,0.0270111635814171,"16","Gm35188"
1.38084872226893e-06,2.03776710408412,0.227,0.131,0.0281251267751736,"16","Ccdc107"
1.46835033723649e-06,6.54916434115389,0.01,0.001,0.0299073596688329,"16","Ampd1"
1.46835033723649e-06,6.46508279583423,0.01,0.001,0.0299073596688329,"16","Gm42775"
1.46835033723649e-06,6.3612571273247,0.01,0.001,0.0299073596688329,"16","Gm56722"
1.47311844382907e-06,5.45660316362879,0.01,0.001,0.0300044764639105,"16","Gm43042"
1.47311844382907e-06,5.46873583289777,0.01,0.001,0.0300044764639105,"16","Pcdhgb5"
1.48269935774309e-06,5.22029427719064,0.01,0.001,0.0301996205185113,"16","Pcdhb21"
1.48751225411001e-06,4.57617743329344,0.01,0.001,0.0302976495917127,"16","Gm5532"
1.48751225411001e-06,4.33743981287679,0.01,0.001,0.0302976495917127,"16","Sspo"
1.51326793034234e-06,3.53312381128375,0.049,0.012,0.0308222412052127,"16","4930555A03Rik"
1.6440232789731e-06,2.96316634537833,0.034,0.006,0.0334854661461242,"16","Dzip1"
1.75756499755534e-06,2.13770487951565,0.202,0.11,0.0357980838702072,"16","Cep78"
1.77103877717305e-06,2.41862203189915,0.059,0.016,0.0360725178134608,"16","Zfp974"
1.78197926875149e-06,2.96023306230584,0.074,0.023,0.0362953537459304,"16","Gm15834"
2.0157512808749e-06,3.95211170534258,0.025,0.003,0.04105682208886,"16","Rps6kl1"
2.12783023428009e-06,2.76524629336457,0.025,0.003,0.043339646211817,"16","B3gnt9"
2.14124895851664e-06,2.95050317704061,0.054,0.014,0.0436129587870668,"16","C230035I16Rik"
2.17853661108104e-06,2.9033097519679,0.025,0.003,0.0443724336944986,"16","Gm32235"
2.18812372994146e-06,2.68963389268024,0.039,0.008,0.0445677041314477,"16","Zfp287"
2.1927593792127e-06,5.2917715262844,0.015,0.001,0.0446621230358043,"16","Rab33a"
2.20707459497134e-06,4.96247287461034,0.015,0.001,0.0449536953503763,"16","Prr15"
2.21186624561115e-06,4.8784458019761,0.015,0.001,0.0450512916906079,"16","Lmo3"
2.26523807744527e-06,3.77640338238139,0.015,0.001,0.0461383691614052,"16","Gm56666"
