"","scores.Adipocytes","scores.aNSCs","scores.Astrocytes","scores.Astrocytes.activated","scores.B.cells","scores.Cardiomyocytes","scores.Dendritic.cells","scores.Endothelial.cells","scores.Ependymal","scores.Erythrocytes","scores.Fibroblasts","scores.Fibroblasts.activated","scores.Fibroblasts.senescent","scores.Granulocytes","scores.Hepatocytes","scores.Macrophages","scores.Macrophages.activated","scores.Microglia","scores.Microglia.activated","scores.Monocytes","scores.Neurons","scores.Neurons.activated","scores.NK.cells","scores.NPCs","scores.Oligodendrocytes","scores.OPCs","scores.qNSCs","scores.T.cells","labels","delta.next","pruned.labels","cluster"
"0",0.314201786779476,0.333626412649798,0.126621503380475,0.0525344743235306,0.603647474923937,0.245159783164365,0.708693411096863,0.331930238866077,0.261302985492188,0.667227380113581,0.284068766958132,0.285640413956721,0.278266671130808,0.866680821285982,0.36235781638132,0.645447344462172,0.547885233136059,0.512461416444692,0.524524727795431,0.729744152167612,0.119226981021846,-0.0325728265204829,0.581838093460527,0.226913066424856,0.238975108117082,0.224346178006984,0.152371157009223,0.552859710596105,"Granulocytes",0.136936669118369,"Granulocytes","0"
"1",0.322463814171308,0.397489206374684,0.17654158025357,0.087827016241861,0.594745415833556,0.262493149585899,0.606452782909667,0.353585119640681,0.272723168679793,0.824127127264619,0.320702130279423,0.315053088644049,0.302047153631475,0.689456304606519,0.374715540455606,0.56862418520071,0.498211142201322,0.436653396130636,0.521295373293051,0.666229485502225,0.164483388992373,0.0331457552101738,0.542801651854991,0.36076220752285,0.266564941050931,0.351258587748919,0.227540595643242,0.549605108116396,"Erythrocytes",0.1346708226581,"Erythrocytes","1"
"2",0.330600258993062,0.407220035868848,0.151454752576458,0.0374826325154372,0.636733701355605,0.256711482570516,0.704873030218336,0.347588892917943,0.277221802568888,0.737567690448407,0.327236069686162,0.312686026516999,0.314088807577188,0.820544997402526,0.381974286864921,0.647078403034996,0.575019068137139,0.502506882054051,0.574048086280193,0.756662675136087,0.148705923157672,-0.0210511070047202,0.614724446254942,0.335884872540726,0.262213261711378,0.322017051164039,0.213722946937514,0.590176345641262,"Granulocytes",0.0638823222664393,"Granulocytes","2"
"3",0.319073165416809,0.335375169831959,0.134780465804177,0.0439949107438077,0.614445137440289,0.252762408498909,0.706650966280013,0.337105000256345,0.266378276589724,0.678245570146834,0.284167331897788,0.281684588793361,0.285214858206905,0.861334396791922,0.370101142206569,0.639747015202825,0.550345106187567,0.507423120574344,0.533120426462959,0.733631781450094,0.133795582937815,-0.0268413215755324,0.59558014523964,0.2413820631754,0.247612854511718,0.236904557444197,0.160455124304011,0.566457572106414,"Granulocytes",0.127702615341828,"Granulocytes","3"
"4",0.356519636159934,0.436978250163399,0.175306183217596,0.0490409901541223,0.647573618065462,0.291106319870152,0.69321378904901,0.372406861348682,0.306734498597435,0.757848855946123,0.342957613265124,0.327972504915934,0.34159698273025,0.770762492713994,0.421339378346623,0.6362679354286,0.580970702835578,0.485796433095516,0.583905670195797,0.756847406399147,0.174819510198624,-0.0172020332984235,0.615893998111713,0.374890156118745,0.288960891624447,0.337333647337153,0.246757220396056,0.608833395816904,"Granulocytes",0.224026385156947,"Granulocytes","4"
"5",0.349737507642091,0.439662125928982,0.223926189642511,0.0853296277679256,0.611495184249916,0.298750152637295,0.596759751258972,0.376724823091217,0.31258925866531,0.853169805127563,0.350372471088635,0.328708910393635,0.34224630833494,0.656081234125304,0.412366021215687,0.555261905097187,0.509026303484704,0.4356811545723,0.549651056230657,0.669335407534164,0.209327560187927,0.0418832079592423,0.566837470101895,0.428103664757361,0.304069365339876,0.379263147767415,0.277630655820832,0.589132532196549,"Erythrocytes",0.183834397593399,"Erythrocytes","5"
"6",0.380841476826336,0.484976716157152,0.218401187436627,0.0860959647096379,0.723319727507996,0.324370707935704,0.73618434499548,0.410802141733483,0.345404104892757,0.755719161429077,0.376299132841039,0.36310051625604,0.372330198530377,0.734512281319559,0.431094313599294,0.71268786366614,0.644683367888245,0.570347221827749,0.632356461252136,0.798679286898953,0.210469941223353,0.0205908530712341,0.674749183107592,0.392719803222787,0.322355068112965,0.362976091404312,0.258449279838736,0.661426807321631,"Monocytes",0.871741155949754,"Monocytes","6"
"7",0.331201285181303,0.36266470890103,0.146349500402048,0.046096234936502,0.620894072445862,0.26312561102246,0.710503062347703,0.341785499712782,0.280074985402717,0.696549941343576,0.30015036955792,0.297810003885553,0.297592436105133,0.848699079274854,0.37774152634666,0.646298611000779,0.56373245501505,0.507143120448671,0.552304742760648,0.742880427107515,0.142424091150601,-0.0259756489537637,0.603937441194456,0.267719237876067,0.258370504934084,0.261595270491054,0.183079430463666,0.57636164605754,"Granulocytes",0.10581865216734,"Granulocytes","7"
"8",0.357386630309915,0.467526524081711,0.180124168484685,0.04928092658564,0.705071400436485,0.288832832787276,0.754804503791774,0.377293899611887,0.313448311982092,0.738578220896517,0.349668289407381,0.334929784135734,0.347437901779321,0.761477585137981,0.413761763588739,0.731935580721571,0.639029752071882,0.549903879476676,0.624981839821763,0.835992130158633,0.167006405435043,-0.0278979625919676,0.669183657649607,0.35284051865839,0.28498342170318,0.332589605825217,0.23187801257925,0.645900192299609,"Monocytes",0.0745145450206514,"Monocytes","8"
"9",0.336610983721724,0.467263463614475,0.226596139359571,0.0869179660520749,0.760379309859983,0.29894058598069,0.652181068046529,0.403474938567388,0.317324287484707,0.747002055705351,0.346084294509781,0.336129965526087,0.331473958505956,0.639212938111112,0.385054260073227,0.62118754270434,0.541880643606839,0.475558654836178,0.565439343558143,0.672705643382817,0.218255596656377,0.0527010465803262,0.659590191471044,0.45250369775038,0.316911106421988,0.411765314086204,0.290697713694503,0.66923031419589,"B cells",0.576620000396546,"B cells","9"
"10",0.332369785881085,0.401835593264336,0.202342070808962,0.0972279773878465,0.774044092161137,0.302718595062479,0.686050257656028,0.388277770462447,0.308607564299093,0.694112752415293,0.310015909902296,0.310093238932573,0.298189556238498,0.693905076793608,0.375733134210429,0.641927234273365,0.54467686078523,0.506232532456591,0.534473932846721,0.671337521325336,0.192389201035345,0.0455966338518707,0.648195585042814,0.34392450858016,0.297310411943672,0.321291994006933,0.229489172472483,0.663199200460361,"B cells",0.0799313397458443,"B cells","10"
"11",0.393517778619977,0.448569230480796,0.242624850434578,0.14285829476479,0.700495175813909,0.353344522688415,0.686931646834971,0.463390068426001,0.358117483481493,0.725602749256032,0.381966071301287,0.385223265390412,0.373420802047819,0.669528249138185,0.436271113082999,0.653958835324907,0.591039796134287,0.54883457006566,0.594995200341494,0.704784829358412,0.232038106755573,0.0701922033464125,0.683905862864809,0.400485762307519,0.326303845312547,0.367272186039803,0.268057103620221,0.678352547361511,"Monocytes",0.153532016168485,"Monocytes","11"
"12",0.338311518450064,0.42816860894174,0.169745036973616,0.0480034607999605,0.719674251875878,0.276708813646305,0.737520095162927,0.375595809555656,0.296483132332289,0.750724646309456,0.329178962115852,0.320246990282474,0.321722487430658,0.783377801544938,0.389636779688844,0.697371747043644,0.605051067465227,0.52889767341764,0.577000441805279,0.78034005582964,0.162145012300562,-0.0170925486356286,0.656381699863767,0.334686456420342,0.269805921984487,0.322153886404906,0.221524564235932,0.636432953355293,"Granulocytes",0.0819799601063286,"Granulocytes","12"
"13",0.411450673505057,0.436827940589042,0.260570595854439,0.14223564302223,0.636834367361324,0.379677827383211,0.631941775324192,0.470198756691533,0.354587771769131,0.720770893351973,0.411382081363166,0.415384143158061,0.399286919882908,0.639119317768253,0.439740913331466,0.619221438428908,0.581060186037454,0.515048531149272,0.561714730558312,0.664074180437595,0.253684510593782,0.083091432322577,0.633551603546887,0.406034370097406,0.342644453404553,0.377660849335772,0.285351673274482,0.616453966956978,"Erythrocytes",0.0566967129143787,"Erythrocytes","13"
"14",0.29849422406273,0.337707505070521,0.133104273346559,0.0439862933839121,0.572366965399822,0.235619704159522,0.630675171969918,0.311335006499752,0.244548504262241,0.739996840051529,0.275734849020253,0.266863300801759,0.265044072162329,0.766540357145726,0.348293180393754,0.578087501729219,0.507988592903556,0.4511118499258,0.496474554331431,0.684079750716441,0.121364922326509,-0.0237709134624729,0.539155446869091,0.252019055456199,0.234085304300504,0.258465635801405,0.173011312499664,0.517412584768217,"Erythrocytes",0.432253581129905,"Erythrocytes","14"
"15",0.288744758296656,0.348671388748541,0.162324993990011,0.0765169072026912,0.733225680805799,0.249076820911488,0.745225819222852,0.362013474129224,0.268144991882366,0.672325326554455,0.281194312963961,0.277428739631307,0.273232292864383,0.674029317417978,0.340844554982722,0.621883420025274,0.527149314934389,0.480471033198512,0.504119082734273,0.658303877727597,0.164807120742744,0.0267447317181225,0.791948860089322,0.290128373010986,0.246321905228477,0.278067418876742,0.199273240501015,0.793737456005174,"T cells",0.306962123524527,"T cells","15"
"16",0.351362266280506,0.427400510995905,0.225234563451605,0.114726214951281,0.728502824567414,0.316473727717233,0.652490508948713,0.432063075805661,0.315114715224452,0.697340935418338,0.341084234419926,0.340898847285088,0.321261791117774,0.657104259877048,0.379648992746994,0.624800959044087,0.537687316225643,0.494521681395518,0.537461184670726,0.658837893014098,0.205517514455752,0.0534269102232605,0.643568697266448,0.389117381981137,0.308229437624128,0.368304608983444,0.260743177984361,0.654595825679865,"B cells",0.439916372190534,"B cells","16"
"17",0.367953427356246,0.470635202612665,0.233262459463625,0.0889467652924067,0.745789280626231,0.32303096531156,0.655206255485406,0.416384552116849,0.331273445457561,0.758280172172942,0.378476313426275,0.365245919893009,0.368387067125002,0.645136798668294,0.416635055842076,0.62534550759195,0.558897934117572,0.483294959080945,0.589366505415499,0.68062424076205,0.232261710893491,0.0521258881367406,0.656686907151316,0.457805470564982,0.32771170357846,0.408412689299422,0.293192012706437,0.680637459045609,"B cells",0.415180305752451,"B cells","17"
"18",0.386044336372359,0.460084173292465,0.252101577700511,0.115227942242892,0.626991188269303,0.336791253460066,0.596832413299524,0.409675826932576,0.340558673670636,0.833147535680624,0.392250566061514,0.37435233460478,0.383728746180261,0.63274579500585,0.450746676403817,0.562295423022614,0.530063049039807,0.449843176148297,0.571039763142727,0.663217968905329,0.247296337999084,0.0719877556494308,0.589191951042592,0.459091476182317,0.334256831035191,0.396862204817694,0.303858796222762,0.615366100739334,"Erythrocytes",0.169929566775294,"Erythrocytes","18"
"19",0.323070510139108,0.35812904950066,0.184003845048015,0.0912916392525152,0.819605932963798,0.273792021382284,0.711034847492962,0.375085103305205,0.283637296085422,0.673872235011625,0.274393422716469,0.272659916158915,0.269844478453464,0.689495581054083,0.360534874333804,0.653691414464376,0.51906861511769,0.507857800201979,0.516014100539661,0.676332326059452,0.171360563682598,0.0407719764831777,0.686789544892057,0.28211645081776,0.283845584934032,0.270933856784814,0.200836464472363,0.706383312227249,"B cells",0.108571085470837,"B cells","19"
"20",0.270362884952969,0.337445859565846,0.147556428291643,0.0489971330340662,0.728778223826556,0.229259401257115,0.76221664196778,0.349640211527605,0.256518243838086,0.649373972999757,0.269864358521842,0.264947256387423,0.263619121106416,0.658085499603143,0.323355631669832,0.609870893742127,0.517061720062842,0.456775526367458,0.503473251992643,0.648102104092136,0.144853849073396,-0.00248523579540163,0.829350948619281,0.292986195953236,0.23750326638943,0.268405032883227,0.195824770595366,0.74516086649898,"NK cells",0.067134306651501,"NK cells","20"
"21",0.395294479768567,0.47268672906753,0.210377363947428,0.11403865451876,0.619567862302701,0.318108337516712,0.720104655108919,0.396672443804467,0.356703498233463,0.682586084975093,0.338239737608745,0.345062951154556,0.334468202987587,0.717418452988823,0.419760420897928,0.727807095027539,0.655870549898387,0.596219926609988,0.600806157984668,0.750753943834168,0.167633736167619,0.00585166974363349,0.605792806786502,0.300938070749638,0.319777410832397,0.298755049867157,0.22734372290119,0.552905879848968,"Macrophages",0.0338333365349534,"Macrophages","21"
"22",0.615305482007536,0.367867528204416,0.336838412627333,0.29818714744294,0.389009509376859,0.490952136990481,0.422025087026727,0.538923815801998,0.363545481046682,0.370755220107143,0.576924806753759,0.581298991331189,0.557157640430101,0.410159273342306,0.430403406990443,0.477111040704138,0.503811525721644,0.383635754022595,0.383628268124971,0.431707936272028,0.257828700577492,0.127843934934114,0.355874813253292,0.390918954812603,0.306246933961319,0.334352579975685,0.32281583237957,0.34648604067211,"Adipocytes",0.247378140879126,"Adipocytes","22"
"23",0.331587583881343,0.393807896409735,0.197476740893271,0.0726649685880295,0.635311365458942,0.287965184120208,0.642444176194901,0.376154876616484,0.307370790548267,0.675364586767499,0.335593337412123,0.327082502272305,0.329461767453094,0.654323831446209,0.370721823656522,0.580693013621476,0.540770823034329,0.469785081411545,0.532922297909388,0.668431041272524,0.194750551796532,0.0246137245391645,0.643829836243352,0.354621852804966,0.293323751498996,0.320067162309556,0.252158769493861,0.623122671224967,"Granulocytes",0.0699244500293275,"Granulocytes","23"
